-- 1. Seed the industries table
INSERT INTO industries (industry_id, industry_name)
VALUES
  ('b56d5c28-8c1f-4f0a-a05f-d158d17a3ad4', 'Agriculture'),
  ('901f4d82-b417-4555-8014-ef091ac8bf99', 'Mining'),
  ('25ee40ae-abb5-42b6-ab59-637eccb98870', 'Construction'),
  ('f144ccef-c83e-4ca4-860c-9374c292563b', 'Transportation and Logistics'),
  ('3f61a6da-640a-4865-829c-14b3a8a4c99e', 'Education'),
  ('54219f07-470a-40f3-ba8b-2d9acb269833', 'Healthcare'),
  ('6e3162ed-e666-4d85-aace-596dd64566f9', 'Real Estate'),
  ('12b7584e-f390-4edf-8672-d52c8ae7270d', 'Public Administration'),
  ('ee38b58f-7947-4b0b-817d-6017342ba6d4', 'Information Technology'),
  ('d11b0974-0997-4cc6-b784-d7f7b936f6e7', 'Tourism and Hospitality'),
  ('d9684076-9694-4a48-be6e-37cf359f6f57', 'Professional Services'),
  ('5171060a-6a98-40c9-b0d1-555aae0cd7a7', 'Administrative and Support Services'),
  ('a2143fd0-6c78-4c1d-bb61-4a01de95bcc6', 'Other Services'),
  ('aa7c8bbb-d0f4-4e17-ab04-f6f94eeea0c0', 'Household Services'),
  ('c29fc4d2-38af-4bc2-9b1a-39d8d5a5e574', 'Extraterritorial Organizations'),
  ('fa6d4211-d547-471a-844e-233fe3cae87f', 'Financial Services'),
  ('572cd6e1-bad0-4f90-879a-e81b515d1277', 'Retail and Consumer Goods'),
  ('5e9f353c-f2bc-44a4-9452-662c65bcd6d9', 'Manufacturing'),
  ('63fbf2ad-9a1f-4571-a035-f06ecf3f2404', 'Energy and Utilities'),
  ('3c9b8af9-6674-4d88-b694-992dc807e17b', 'Media and Entertainment'),
  ('d531ef3e-fe01-481b-aacf-6278453e1732', 'Water and Waste Management');


-- 2. Seed thee countries table (Alphabetized by Code)
INSERT INTO countries (country_code, country_name) VALUES
('ARG', 'Argentina'),
('ARM', 'Armenia'),
('AUT', 'Austria'),
('BDI', 'Burundi'),
('BEL', 'Belgium'),
('BFA', 'Burkina Faso'),
('BGD', 'Bangladesh'),
('BGR', 'Bulgaria'),
('BIH', 'Bosnia and Herzegovina'),
('BOL', 'Bolivia (Plurinational State of)'),
('BRA', 'Brazil'),
('BTN', 'Bhutan'),
('BWA', 'Botswana'),
('CHE', 'Switzerland'),
('CHL', 'Chile'),
('CMR', 'Cameroon'),
('COD', 'Congo, Democratic Republic of the'),
('COL', 'Colombia'),
('CRI', 'Costa Rica'),
('CYP', 'Cyprus'),
('CZE', 'Czechia'),
('DNK', 'Denmark'),
('DOM', 'Dominican Republic'),
('DZA', 'Algeria'),
('ECU', 'Ecuador'),
('EGY', 'Egypt'),
('ESP', 'Spain'),
('EST', 'Estonia'),
('ETH', 'Ethiopia'),
('FIN', 'Finland'),
('FJI', 'Fiji'),
('FRA', 'France'),
('GBR', 'United Kingdom of Great Britain and Northern Ireland'),
('GEO', 'Georgia'),
('GHA', 'Ghana'),
('GRC', 'Greece'),
('GTM', 'Guatemala'),
('HND', 'Honduras'),
('HRV', 'Croatia'),
('HUN', 'Hungary'),
('IDN', 'Indonesia'),
('IND', 'India'),
('IRL', 'Ireland'),
('ITA', 'Italy'),
('JOR', 'Jordan'),
('KEN', 'Kenya'),
('KHM', 'Cambodia'),
('KIR', 'Kiribati'),
('LSO', 'Lesotho'),
('LTU', 'Lithuania'),
('LUX', 'Luxembourg'),
('LVA', 'Latvia'),
('MAR', 'Morocco'),
('MDA', 'Republic of Moldova'),
('MEX', 'Mexico'),
('MNG', 'Mongolia'),
('MOZ', 'Mozambique'),
('MUS', 'Mauritius'),
('MWI', 'Malawi'),
('NGA', 'Nigeria'),
('NLD', 'Netherlands'),
('NOR', 'Norway'),
('PAN', 'Panama'),
('PER', 'Peru'),
('PHL', 'Philippines'),
('POL', 'Poland'),
('PRT', 'Portugal'),
('ROU', 'Romania'),
('RWA', 'Rwanda'),
('SEN', 'Senegal'),
('SLV', 'El Salvador'),
('SRB', 'Serbia'),
('SVK', 'Slovakia'),
('SVN', 'Slovenia'),
('SWE', 'Sweden'),
('THA', 'Thailand'),
('TON', 'Tonga'),
('TUN', 'Tunisia'),
('TUR', 'Türkiye'),
('TZA', 'Tanzania, United Republic of'),
('UGA', 'Uganda'),
('URY', 'Uruguay'),
('USA', 'United States of America'),
('VNM', 'Viet Nam'),
('ZAF', 'South Africa'),
('ZMB', 'Zambia'),
('ZWE', 'Zimbabwe');

INSERT INTO public.indicator_types (indicator_type_id, indicator_name, description, unit) 
VALUES
(
    '7b4f8d88-5adb-4215-aea2-2a4c61de43d2', 
    'Average Industry Wage', 
    'The average wage earned by employees within a specific industry and country.', 
    'USD' -- You may want to update this if the unit is Local Currency instead
),
(
    '2816e727-9d6e-45b0-a5aa-47e6686602c6', 
    'Industry Employment Growth', 
    'The year-over-year percentage growth or decline of employment within a specific industry.', 
    'Percentage (%)'
)
ON CONFLICT (indicator_type_id) DO NOTHING;

-- Seed Average Industry Wage data
INSERT INTO public.market_indicator_values (country_code, indicator_type_id, industry_id, last_updated, value) VALUES
('ARG', '7b4f8d88-5adb-4215-aea2-2a4c61de43d2', 'b56d5c28-8c1f-4f0a-a05f-d158d17a3ad4', '2022-12-31', 577.779),
('ARG', '7b4f8d88-5adb-4215-aea2-2a4c61de43d2', '901f4d82-b417-4555-8014-ef091ac8bf99', '2022-12-31', 1571.014),
('ARG', '7b4f8d88-5adb-4215-aea2-2a4c61de43d2', '5e9f353c-f2bc-44a4-9452-662c65bcd6d9', '2022-12-31', 678.585),
('ARG', '7b4f8d88-5adb-4215-aea2-2a4c61de43d2', '63fbf2ad-9a1f-4571-a035-f06ecf3f2404', '2022-12-31', 1214.7),
('ARG', '7b4f8d88-5adb-4215-aea2-2a4c61de43d2', 'd531ef3e-fe01-481b-aacf-6278453e1732', '2022-12-31', 873.455),
('ARG', '7b4f8d88-5adb-4215-aea2-2a4c61de43d2', '25ee40ae-abb5-42b6-ab59-637eccb98870', '2022-12-31', 462.736),
('ARG', '7b4f8d88-5adb-4215-aea2-2a4c61de43d2', '572cd6e1-bad0-4f90-879a-e81b515d1277', '2022-12-31', 568.039),
('ARG', '7b4f8d88-5adb-4215-aea2-2a4c61de43d2', 'f144ccef-c83e-4ca4-860c-9374c292563b', '2022-12-31', 790.394),
('ARG', '7b4f8d88-5adb-4215-aea2-2a4c61de43d2', 'd11b0974-0997-4cc6-b784-d7f7b936f6e7', '2022-12-31', 446.955),
('ARG', '7b4f8d88-5adb-4215-aea2-2a4c61de43d2', 'ee38b58f-7947-4b0b-817d-6017342ba6d4', '2022-12-31', 1015.156),
('ARG', '7b4f8d88-5adb-4215-aea2-2a4c61de43d2', 'fa6d4211-d547-471a-844e-233fe3cae87f', '2022-12-31', 1193.557),
('ARG', '7b4f8d88-5adb-4215-aea2-2a4c61de43d2', '6e3162ed-e666-4d85-aace-596dd64566f9', '2022-12-31', 573.263),
('ARG', '7b4f8d88-5adb-4215-aea2-2a4c61de43d2', 'd9684076-9694-4a48-be6e-37cf359f6f57', '2022-12-31', 874.479),
('ARG', '7b4f8d88-5adb-4215-aea2-2a4c61de43d2', '5171060a-6a98-40c9-b0d1-555aae0cd7a7', '2022-12-31', 532.445),
('ARG', '7b4f8d88-5adb-4215-aea2-2a4c61de43d2', '12b7584e-f390-4edf-8672-d52c8ae7270d', '2022-12-31', 838.12),
('ARG', '7b4f8d88-5adb-4215-aea2-2a4c61de43d2', '3f61a6da-640a-4865-829c-14b3a8a4c99e', '2022-12-31', 641.624),
('ARG', '7b4f8d88-5adb-4215-aea2-2a4c61de43d2', '54219f07-470a-40f3-ba8b-2d9acb269833', '2022-12-31', 681.452),
('ARG', '7b4f8d88-5adb-4215-aea2-2a4c61de43d2', '3c9b8af9-6674-4d88-b694-992dc807e17b', '2022-12-31', 506.463),
('ARG', '7b4f8d88-5adb-4215-aea2-2a4c61de43d2', 'a2143fd0-6c78-4c1d-bb61-4a01de95bcc6', '2022-12-31', 497.342),
('ARG', '7b4f8d88-5adb-4215-aea2-2a4c61de43d2', 'aa7c8bbb-d0f4-4e17-ab04-f6f94eeea0c0', '2022-12-31', 199.472),
('ARG', '7b4f8d88-5adb-4215-aea2-2a4c61de43d2', 'c29fc4d2-38af-4bc2-9b1a-39d8d5a5e574', '2022-12-31', 941.857),
('ARM', '7b4f8d88-5adb-4215-aea2-2a4c61de43d2', 'b56d5c28-8c1f-4f0a-a05f-d158d17a3ad4', '2022-12-31', 314.098),
('ARM', '7b4f8d88-5adb-4215-aea2-2a4c61de43d2', '901f4d82-b417-4555-8014-ef091ac8bf99', '2022-12-31', 556.49),
('ARM', '7b4f8d88-5adb-4215-aea2-2a4c61de43d2', '5e9f353c-f2bc-44a4-9452-662c65bcd6d9', '2022-12-31', 315.716),
('ARM', '7b4f8d88-5adb-4215-aea2-2a4c61de43d2', '63fbf2ad-9a1f-4571-a035-f06ecf3f2404', '2022-12-31', 313.131),
('ARM', '7b4f8d88-5adb-4215-aea2-2a4c61de43d2', 'd531ef3e-fe01-481b-aacf-6278453e1732', '2022-12-31', 265.406),
('ARM', '7b4f8d88-5adb-4215-aea2-2a4c61de43d2', '25ee40ae-abb5-42b6-ab59-637eccb98870', '2022-12-31', 431.812),
('ARM', '7b4f8d88-5adb-4215-aea2-2a4c61de43d2', '572cd6e1-bad0-4f90-879a-e81b515d1277', '2022-12-31', 304.489),
('ARM', '7b4f8d88-5adb-4215-aea2-2a4c61de43d2', 'f144ccef-c83e-4ca4-860c-9374c292563b', '2022-12-31', 369.881),
('ARM', '7b4f8d88-5adb-4215-aea2-2a4c61de43d2', 'd11b0974-0997-4cc6-b784-d7f7b936f6e7', '2022-12-31', 370.865),
('ARM', '7b4f8d88-5adb-4215-aea2-2a4c61de43d2', 'ee38b58f-7947-4b0b-817d-6017342ba6d4', '2022-12-31', 520.932),
('ARM', '7b4f8d88-5adb-4215-aea2-2a4c61de43d2', 'fa6d4211-d547-471a-844e-233fe3cae87f', '2022-12-31', 358.205),
('ARM', '7b4f8d88-5adb-4215-aea2-2a4c61de43d2', '6e3162ed-e666-4d85-aace-596dd64566f9', '2022-12-31', 393.674),
('ARM', '7b4f8d88-5adb-4215-aea2-2a4c61de43d2', 'd9684076-9694-4a48-be6e-37cf359f6f57', '2022-12-31', 338.457),
('ARM', '7b4f8d88-5adb-4215-aea2-2a4c61de43d2', '5171060a-6a98-40c9-b0d1-555aae0cd7a7', '2022-12-31', 358.538),
('ARM', '7b4f8d88-5adb-4215-aea2-2a4c61de43d2', '12b7584e-f390-4edf-8672-d52c8ae7270d', '2022-12-31', 352.669),
('ARM', '7b4f8d88-5adb-4215-aea2-2a4c61de43d2', '3f61a6da-640a-4865-829c-14b3a8a4c99e', '2022-12-31', 209.318),
('ARM', '7b4f8d88-5adb-4215-aea2-2a4c61de43d2', '54219f07-470a-40f3-ba8b-2d9acb269833', '2022-12-31', 269.32),
('ARM', '7b4f8d88-5adb-4215-aea2-2a4c61de43d2', '3c9b8af9-6674-4d88-b694-992dc807e17b', '2022-12-31', 317.789),
('ARM', '7b4f8d88-5adb-4215-aea2-2a4c61de43d2', 'a2143fd0-6c78-4c1d-bb61-4a01de95bcc6', '2022-12-31', 268.407),
('ARM', '7b4f8d88-5adb-4215-aea2-2a4c61de43d2', 'aa7c8bbb-d0f4-4e17-ab04-f6f94eeea0c0', '2022-12-31', 253.178),
('ARM', '7b4f8d88-5adb-4215-aea2-2a4c61de43d2', 'c29fc4d2-38af-4bc2-9b1a-39d8d5a5e574', '2022-12-31', 836.962),
('AUT', '7b4f8d88-5adb-4215-aea2-2a4c61de43d2', 'b56d5c28-8c1f-4f0a-a05f-d158d17a3ad4', '2022-12-31', 4217.757),
('AUT', '7b4f8d88-5adb-4215-aea2-2a4c61de43d2', '5e9f353c-f2bc-44a4-9452-662c65bcd6d9', '2022-12-31', 5184.962),
('AUT', '7b4f8d88-5adb-4215-aea2-2a4c61de43d2', '25ee40ae-abb5-42b6-ab59-637eccb98870', '2022-12-31', 4518.377),
('AUT', '7b4f8d88-5adb-4215-aea2-2a4c61de43d2', '572cd6e1-bad0-4f90-879a-e81b515d1277', '2022-12-31', 3820.046),
('AUT', '7b4f8d88-5adb-4215-aea2-2a4c61de43d2', 'f144ccef-c83e-4ca4-860c-9374c292563b', '2022-12-31', 4532.535),
('AUT', '7b4f8d88-5adb-4215-aea2-2a4c61de43d2', 'd11b0974-0997-4cc6-b784-d7f7b936f6e7', '2022-12-31', 2420.732),
('AUT', '7b4f8d88-5adb-4215-aea2-2a4c61de43d2', 'ee38b58f-7947-4b0b-817d-6017342ba6d4', '2022-12-31', 6290.662),
('AUT', '7b4f8d88-5adb-4215-aea2-2a4c61de43d2', 'fa6d4211-d547-471a-844e-233fe3cae87f', '2022-12-31', 5672.314),
('AUT', '7b4f8d88-5adb-4215-aea2-2a4c61de43d2', '6e3162ed-e666-4d85-aace-596dd64566f9', '2022-12-31', 4104.599),
('AUT', '7b4f8d88-5adb-4215-aea2-2a4c61de43d2', '12b7584e-f390-4edf-8672-d52c8ae7270d', '2022-12-31', 4995.094),
('AUT', '7b4f8d88-5adb-4215-aea2-2a4c61de43d2', '3f61a6da-640a-4865-829c-14b3a8a4c99e', '2022-12-31', 4805.124),
('AUT', '7b4f8d88-5adb-4215-aea2-2a4c61de43d2', '54219f07-470a-40f3-ba8b-2d9acb269833', '2022-12-31', 4087.617),
('AUT', '7b4f8d88-5adb-4215-aea2-2a4c61de43d2', 'a2143fd0-6c78-4c1d-bb61-4a01de95bcc6', '2022-12-31', 3853.284),
('BEL', '7b4f8d88-5adb-4215-aea2-2a4c61de43d2', 'b56d5c28-8c1f-4f0a-a05f-d158d17a3ad4', '2022-12-31', 4614.735),
('BEL', '7b4f8d88-5adb-4215-aea2-2a4c61de43d2', '5e9f353c-f2bc-44a4-9452-662c65bcd6d9', '2022-12-31', 6916.099),
('BEL', '7b4f8d88-5adb-4215-aea2-2a4c61de43d2', '25ee40ae-abb5-42b6-ab59-637eccb98870', '2022-12-31', 5564.852),
('BEL', '7b4f8d88-5adb-4215-aea2-2a4c61de43d2', '572cd6e1-bad0-4f90-879a-e81b515d1277', '2022-12-31', 5006.807),
('BEL', '7b4f8d88-5adb-4215-aea2-2a4c61de43d2', 'f144ccef-c83e-4ca4-860c-9374c292563b', '2022-12-31', 5754.307),
('BEL', '7b4f8d88-5adb-4215-aea2-2a4c61de43d2', 'd11b0974-0997-4cc6-b784-d7f7b936f6e7', '2022-12-31', 3248.644),
('BEL', '7b4f8d88-5adb-4215-aea2-2a4c61de43d2', 'ee38b58f-7947-4b0b-817d-6017342ba6d4', '2022-12-31', 7170.205),
('BEL', '7b4f8d88-5adb-4215-aea2-2a4c61de43d2', 'fa6d4211-d547-471a-844e-233fe3cae87f', '2022-12-31', 8081.248),
('BEL', '7b4f8d88-5adb-4215-aea2-2a4c61de43d2', '6e3162ed-e666-4d85-aace-596dd64566f9', '2022-12-31', 5275.134),
('BEL', '7b4f8d88-5adb-4215-aea2-2a4c61de43d2', '12b7584e-f390-4edf-8672-d52c8ae7270d', '2022-12-31', 5920.775),
('BEL', '7b4f8d88-5adb-4215-aea2-2a4c61de43d2', '3f61a6da-640a-4865-829c-14b3a8a4c99e', '2022-12-31', 5495.351),
('BEL', '7b4f8d88-5adb-4215-aea2-2a4c61de43d2', '54219f07-470a-40f3-ba8b-2d9acb269833', '2022-12-31', 4572.073),
('BEL', '7b4f8d88-5adb-4215-aea2-2a4c61de43d2', 'a2143fd0-6c78-4c1d-bb61-4a01de95bcc6', '2022-12-31', 6342.992),
('BFA', '7b4f8d88-5adb-4215-aea2-2a4c61de43d2', 'b56d5c28-8c1f-4f0a-a05f-d158d17a3ad4', '2022-12-31', 45.302),
('BFA', '7b4f8d88-5adb-4215-aea2-2a4c61de43d2', '901f4d82-b417-4555-8014-ef091ac8bf99', '2022-12-31', 107.345),
('BFA', '7b4f8d88-5adb-4215-aea2-2a4c61de43d2', '5e9f353c-f2bc-44a4-9452-662c65bcd6d9', '2022-12-31', 87.813),
('BFA', '7b4f8d88-5adb-4215-aea2-2a4c61de43d2', '63fbf2ad-9a1f-4571-a035-f06ecf3f2404', '2022-12-31', 116.095),
('BFA', '7b4f8d88-5adb-4215-aea2-2a4c61de43d2', 'd531ef3e-fe01-481b-aacf-6278453e1732', '2022-12-31', 137.06),
('BFA', '7b4f8d88-5adb-4215-aea2-2a4c61de43d2', '25ee40ae-abb5-42b6-ab59-637eccb98870', '2022-12-31', 121.612),
('BFA', '7b4f8d88-5adb-4215-aea2-2a4c61de43d2', '572cd6e1-bad0-4f90-879a-e81b515d1277', '2022-12-31', 73.279),
('BFA', '7b4f8d88-5adb-4215-aea2-2a4c61de43d2', 'f144ccef-c83e-4ca4-860c-9374c292563b', '2022-12-31', 170.744),
('BFA', '7b4f8d88-5adb-4215-aea2-2a4c61de43d2', 'd11b0974-0997-4cc6-b784-d7f7b936f6e7', '2022-12-31', 63.524),
('BFA', '7b4f8d88-5adb-4215-aea2-2a4c61de43d2', 'ee38b58f-7947-4b0b-817d-6017342ba6d4', '2022-12-31', 336.691),
('BFA', '7b4f8d88-5adb-4215-aea2-2a4c61de43d2', 'fa6d4211-d547-471a-844e-233fe3cae87f', '2022-12-31', 302.038),
('BFA', '7b4f8d88-5adb-4215-aea2-2a4c61de43d2', '6e3162ed-e666-4d85-aace-596dd64566f9', '2022-12-31', 385.701),
('BFA', '7b4f8d88-5adb-4215-aea2-2a4c61de43d2', 'd9684076-9694-4a48-be6e-37cf359f6f57', '2022-12-31', 271.988),
('BFA', '7b4f8d88-5adb-4215-aea2-2a4c61de43d2', '5171060a-6a98-40c9-b0d1-555aae0cd7a7', '2022-12-31', 193.772),
('BFA', '7b4f8d88-5adb-4215-aea2-2a4c61de43d2', '12b7584e-f390-4edf-8672-d52c8ae7270d', '2022-12-31', 275.105),
('BFA', '7b4f8d88-5adb-4215-aea2-2a4c61de43d2', '3f61a6da-640a-4865-829c-14b3a8a4c99e', '2022-12-31', 235.037),
('BFA', '7b4f8d88-5adb-4215-aea2-2a4c61de43d2', '54219f07-470a-40f3-ba8b-2d9acb269833', '2022-12-31', 236.345),
('BFA', '7b4f8d88-5adb-4215-aea2-2a4c61de43d2', '3c9b8af9-6674-4d88-b694-992dc807e17b', '2022-12-31', 78.568),
('BFA', '7b4f8d88-5adb-4215-aea2-2a4c61de43d2', 'a2143fd0-6c78-4c1d-bb61-4a01de95bcc6', '2022-12-31', 78.948),
('BFA', '7b4f8d88-5adb-4215-aea2-2a4c61de43d2', 'aa7c8bbb-d0f4-4e17-ab04-f6f94eeea0c0', '2022-12-31', 41.55),
('BGD', '7b4f8d88-5adb-4215-aea2-2a4c61de43d2', 'b56d5c28-8c1f-4f0a-a05f-d158d17a3ad4', '2022-12-31', 100.102),
('BGD', '7b4f8d88-5adb-4215-aea2-2a4c61de43d2', '901f4d82-b417-4555-8014-ef091ac8bf99', '2022-12-31', 152.469),
('BGD', '7b4f8d88-5adb-4215-aea2-2a4c61de43d2', '5e9f353c-f2bc-44a4-9452-662c65bcd6d9', '2022-12-31', 152.513),
('BGD', '7b4f8d88-5adb-4215-aea2-2a4c61de43d2', '63fbf2ad-9a1f-4571-a035-f06ecf3f2404', '2022-12-31', 246.998),
('BGD', '7b4f8d88-5adb-4215-aea2-2a4c61de43d2', 'd531ef3e-fe01-481b-aacf-6278453e1732', '2022-12-31', 161.365),
('BGD', '7b4f8d88-5adb-4215-aea2-2a4c61de43d2', '25ee40ae-abb5-42b6-ab59-637eccb98870', '2022-12-31', 127.675),
('BGD', '7b4f8d88-5adb-4215-aea2-2a4c61de43d2', '572cd6e1-bad0-4f90-879a-e81b515d1277', '2022-12-31', 133.777),
('BGD', '7b4f8d88-5adb-4215-aea2-2a4c61de43d2', 'f144ccef-c83e-4ca4-860c-9374c292563b', '2022-12-31', 138.758),
('BGD', '7b4f8d88-5adb-4215-aea2-2a4c61de43d2', 'd11b0974-0997-4cc6-b784-d7f7b936f6e7', '2022-12-31', 131.509),
('BGD', '7b4f8d88-5adb-4215-aea2-2a4c61de43d2', 'ee38b58f-7947-4b0b-817d-6017342ba6d4', '2022-12-31', 228.976),
('BGD', '7b4f8d88-5adb-4215-aea2-2a4c61de43d2', 'fa6d4211-d547-471a-844e-233fe3cae87f', '2022-12-31', 313.76),
('BGD', '7b4f8d88-5adb-4215-aea2-2a4c61de43d2', '6e3162ed-e666-4d85-aace-596dd64566f9', '2022-12-31', 269.504),
('BGD', '7b4f8d88-5adb-4215-aea2-2a4c61de43d2', 'd9684076-9694-4a48-be6e-37cf359f6f57', '2022-12-31', 236.234),
('BGD', '7b4f8d88-5adb-4215-aea2-2a4c61de43d2', '5171060a-6a98-40c9-b0d1-555aae0cd7a7', '2022-12-31', 135.372),
('BGD', '7b4f8d88-5adb-4215-aea2-2a4c61de43d2', '12b7584e-f390-4edf-8672-d52c8ae7270d', '2022-12-31', 288.0),
('BGD', '7b4f8d88-5adb-4215-aea2-2a4c61de43d2', '3f61a6da-640a-4865-829c-14b3a8a4c99e', '2022-12-31', 214.062),
('BGD', '7b4f8d88-5adb-4215-aea2-2a4c61de43d2', '54219f07-470a-40f3-ba8b-2d9acb269833', '2022-12-31', 220.312),
('BGD', '7b4f8d88-5adb-4215-aea2-2a4c61de43d2', '3c9b8af9-6674-4d88-b694-992dc807e17b', '2022-12-31', 176.999),
('BGD', '7b4f8d88-5adb-4215-aea2-2a4c61de43d2', 'a2143fd0-6c78-4c1d-bb61-4a01de95bcc6', '2022-12-31', 129.772),
('BGD', '7b4f8d88-5adb-4215-aea2-2a4c61de43d2', 'aa7c8bbb-d0f4-4e17-ab04-f6f94eeea0c0', '2022-12-31', 83.846),
('BGD', '7b4f8d88-5adb-4215-aea2-2a4c61de43d2', 'c29fc4d2-38af-4bc2-9b1a-39d8d5a5e574', '2022-12-31', 217.097),
('BGR', '7b4f8d88-5adb-4215-aea2-2a4c61de43d2', 'b56d5c28-8c1f-4f0a-a05f-d158d17a3ad4', '2022-12-31', 681.121),
('BGR', '7b4f8d88-5adb-4215-aea2-2a4c61de43d2', '5e9f353c-f2bc-44a4-9452-662c65bcd6d9', '2022-12-31', 890.134),
('BGR', '7b4f8d88-5adb-4215-aea2-2a4c61de43d2', '25ee40ae-abb5-42b6-ab59-637eccb98870', '2022-12-31', 807.992),
('BGR', '7b4f8d88-5adb-4215-aea2-2a4c61de43d2', '572cd6e1-bad0-4f90-879a-e81b515d1277', '2022-12-31', 848.02),
('BGR', '7b4f8d88-5adb-4215-aea2-2a4c61de43d2', 'f144ccef-c83e-4ca4-860c-9374c292563b', '2022-12-31', 937.935),
('BGR', '7b4f8d88-5adb-4215-aea2-2a4c61de43d2', 'd11b0974-0997-4cc6-b784-d7f7b936f6e7', '2022-12-31', 673.566),
('BGR', '7b4f8d88-5adb-4215-aea2-2a4c61de43d2', 'ee38b58f-7947-4b0b-817d-6017342ba6d4', '2022-12-31', 1973.521),
('BGR', '7b4f8d88-5adb-4215-aea2-2a4c61de43d2', 'fa6d4211-d547-471a-844e-233fe3cae87f', '2022-12-31', 1336.071),
('BGR', '7b4f8d88-5adb-4215-aea2-2a4c61de43d2', '6e3162ed-e666-4d85-aace-596dd64566f9', '2022-12-31', 984.363),
('BGR', '7b4f8d88-5adb-4215-aea2-2a4c61de43d2', '12b7584e-f390-4edf-8672-d52c8ae7270d', '2022-12-31', 1286.447),
('BGR', '7b4f8d88-5adb-4215-aea2-2a4c61de43d2', '3f61a6da-640a-4865-829c-14b3a8a4c99e', '2022-12-31', 1116.805),
('BGR', '7b4f8d88-5adb-4215-aea2-2a4c61de43d2', '54219f07-470a-40f3-ba8b-2d9acb269833', '2022-12-31', 1112.87),
('BGR', '7b4f8d88-5adb-4215-aea2-2a4c61de43d2', 'a2143fd0-6c78-4c1d-bb61-4a01de95bcc6', '2022-12-31', 785.706),
('BIH', '7b4f8d88-5adb-4215-aea2-2a4c61de43d2', 'b56d5c28-8c1f-4f0a-a05f-d158d17a3ad4', '2022-12-31', 695.944),
('BIH', '7b4f8d88-5adb-4215-aea2-2a4c61de43d2', '901f4d82-b417-4555-8014-ef091ac8bf99', '2022-12-31', 848.808),
('BIH', '7b4f8d88-5adb-4215-aea2-2a4c61de43d2', '5e9f353c-f2bc-44a4-9452-662c65bcd6d9', '2022-12-31', 657.0),
('BIH', '7b4f8d88-5adb-4215-aea2-2a4c61de43d2', '63fbf2ad-9a1f-4571-a035-f06ecf3f2404', '2022-12-31', 872.292),
('BIH', '7b4f8d88-5adb-4215-aea2-2a4c61de43d2', 'd531ef3e-fe01-481b-aacf-6278453e1732', '2022-12-31', 694.088),
('BIH', '7b4f8d88-5adb-4215-aea2-2a4c61de43d2', '25ee40ae-abb5-42b6-ab59-637eccb98870', '2022-12-31', 786.86),
('BIH', '7b4f8d88-5adb-4215-aea2-2a4c61de43d2', '572cd6e1-bad0-4f90-879a-e81b515d1277', '2022-12-31', 593.451),
('BIH', '7b4f8d88-5adb-4215-aea2-2a4c61de43d2', 'f144ccef-c83e-4ca4-860c-9374c292563b', '2022-12-31', 838.547),
('BIH', '7b4f8d88-5adb-4215-aea2-2a4c61de43d2', 'd11b0974-0997-4cc6-b784-d7f7b936f6e7', '2022-12-31', 615.406),
('BIH', '7b4f8d88-5adb-4215-aea2-2a4c61de43d2', 'ee38b58f-7947-4b0b-817d-6017342ba6d4', '2022-12-31', 922.512),
('BIH', '7b4f8d88-5adb-4215-aea2-2a4c61de43d2', 'fa6d4211-d547-471a-844e-233fe3cae87f', '2022-12-31', 852.371),
('BIH', '7b4f8d88-5adb-4215-aea2-2a4c61de43d2', '6e3162ed-e666-4d85-aace-596dd64566f9', '2022-12-31', 892.892),
('BIH', '7b4f8d88-5adb-4215-aea2-2a4c61de43d2', 'd9684076-9694-4a48-be6e-37cf359f6f57', '2022-12-31', 799.196),
('BIH', '7b4f8d88-5adb-4215-aea2-2a4c61de43d2', '5171060a-6a98-40c9-b0d1-555aae0cd7a7', '2022-12-31', 654.829),
('BIH', '7b4f8d88-5adb-4215-aea2-2a4c61de43d2', '12b7584e-f390-4edf-8672-d52c8ae7270d', '2022-12-31', 901.998),
('BIH', '7b4f8d88-5adb-4215-aea2-2a4c61de43d2', '3f61a6da-640a-4865-829c-14b3a8a4c99e', '2022-12-31', 798.98),
('BIH', '7b4f8d88-5adb-4215-aea2-2a4c61de43d2', '54219f07-470a-40f3-ba8b-2d9acb269833', '2022-12-31', 852.965),
('BIH', '7b4f8d88-5adb-4215-aea2-2a4c61de43d2', '3c9b8af9-6674-4d88-b694-992dc807e17b', '2022-12-31', 665.69),
('BIH', '7b4f8d88-5adb-4215-aea2-2a4c61de43d2', 'a2143fd0-6c78-4c1d-bb61-4a01de95bcc6', '2022-12-31', 647.398),
('BIH', '7b4f8d88-5adb-4215-aea2-2a4c61de43d2', 'aa7c8bbb-d0f4-4e17-ab04-f6f94eeea0c0', '2022-12-31', 504.909),
('BIH', '7b4f8d88-5adb-4215-aea2-2a4c61de43d2', 'c29fc4d2-38af-4bc2-9b1a-39d8d5a5e574', '2022-12-31', 880.243),
('BOL', '7b4f8d88-5adb-4215-aea2-2a4c61de43d2', 'b56d5c28-8c1f-4f0a-a05f-d158d17a3ad4', '2022-12-31', 378.793),
('BOL', '7b4f8d88-5adb-4215-aea2-2a4c61de43d2', '901f4d82-b417-4555-8014-ef091ac8bf99', '2022-12-31', 659.74),
('BOL', '7b4f8d88-5adb-4215-aea2-2a4c61de43d2', '5e9f353c-f2bc-44a4-9452-662c65bcd6d9', '2022-12-31', 411.867),
('BOL', '7b4f8d88-5adb-4215-aea2-2a4c61de43d2', '63fbf2ad-9a1f-4571-a035-f06ecf3f2404', '2022-12-31', 693.912),
('BOL', '7b4f8d88-5adb-4215-aea2-2a4c61de43d2', 'd531ef3e-fe01-481b-aacf-6278453e1732', '2022-12-31', 568.129),
('BOL', '7b4f8d88-5adb-4215-aea2-2a4c61de43d2', '25ee40ae-abb5-42b6-ab59-637eccb98870', '2022-12-31', 441.613),
('BOL', '7b4f8d88-5adb-4215-aea2-2a4c61de43d2', '572cd6e1-bad0-4f90-879a-e81b515d1277', '2022-12-31', 337.661),
('BOL', '7b4f8d88-5adb-4215-aea2-2a4c61de43d2', 'f144ccef-c83e-4ca4-860c-9374c292563b', '2022-12-31', 470.305),
('BOL', '7b4f8d88-5adb-4215-aea2-2a4c61de43d2', 'd11b0974-0997-4cc6-b784-d7f7b936f6e7', '2022-12-31', 263.403),
('BOL', '7b4f8d88-5adb-4215-aea2-2a4c61de43d2', 'ee38b58f-7947-4b0b-817d-6017342ba6d4', '2022-12-31', 530.556),
('BOL', '7b4f8d88-5adb-4215-aea2-2a4c61de43d2', 'fa6d4211-d547-471a-844e-233fe3cae87f', '2022-12-31', 665.58),
('BOL', '7b4f8d88-5adb-4215-aea2-2a4c61de43d2', '6e3162ed-e666-4d85-aace-596dd64566f9', '2022-12-31', 444.236),
('BOL', '7b4f8d88-5adb-4215-aea2-2a4c61de43d2', 'd9684076-9694-4a48-be6e-37cf359f6f57', '2022-12-31', 372.327),
('BOL', '7b4f8d88-5adb-4215-aea2-2a4c61de43d2', '5171060a-6a98-40c9-b0d1-555aae0cd7a7', '2022-12-31', 351.926),
('BOL', '7b4f8d88-5adb-4215-aea2-2a4c61de43d2', '12b7584e-f390-4edf-8672-d52c8ae7270d', '2022-12-31', 622.969),
('BOL', '7b4f8d88-5adb-4215-aea2-2a4c61de43d2', '3f61a6da-640a-4865-829c-14b3a8a4c99e', '2022-12-31', 636.076),
('BOL', '7b4f8d88-5adb-4215-aea2-2a4c61de43d2', '54219f07-470a-40f3-ba8b-2d9acb269833', '2022-12-31', 579.118),
('BOL', '7b4f8d88-5adb-4215-aea2-2a4c61de43d2', '3c9b8af9-6674-4d88-b694-992dc807e17b', '2022-12-31', 423.658),
('BOL', '7b4f8d88-5adb-4215-aea2-2a4c61de43d2', 'a2143fd0-6c78-4c1d-bb61-4a01de95bcc6', '2022-12-31', 330.587),
('BOL', '7b4f8d88-5adb-4215-aea2-2a4c61de43d2', 'aa7c8bbb-d0f4-4e17-ab04-f6f94eeea0c0', '2022-12-31', 209.641),
('BOL', '7b4f8d88-5adb-4215-aea2-2a4c61de43d2', 'c29fc4d2-38af-4bc2-9b1a-39d8d5a5e574', '2022-12-31', 894.141),
('BRA', '7b4f8d88-5adb-4215-aea2-2a4c61de43d2', 'b56d5c28-8c1f-4f0a-a05f-d158d17a3ad4', '2022-12-31', 303.096),
('BRA', '7b4f8d88-5adb-4215-aea2-2a4c61de43d2', '901f4d82-b417-4555-8014-ef091ac8bf99', '2022-12-31', 844.115),
('BRA', '7b4f8d88-5adb-4215-aea2-2a4c61de43d2', '5e9f353c-f2bc-44a4-9452-662c65bcd6d9', '2022-12-31', 518.812),
('BRA', '7b4f8d88-5adb-4215-aea2-2a4c61de43d2', '63fbf2ad-9a1f-4571-a035-f06ecf3f2404', '2022-12-31', 936.713),
('BRA', '7b4f8d88-5adb-4215-aea2-2a4c61de43d2', 'd531ef3e-fe01-481b-aacf-6278453e1732', '2022-12-31', 528.902),
('BRA', '7b4f8d88-5adb-4215-aea2-2a4c61de43d2', '25ee40ae-abb5-42b6-ab59-637eccb98870', '2022-12-31', 398.818),
('BRA', '7b4f8d88-5adb-4215-aea2-2a4c61de43d2', '572cd6e1-bad0-4f90-879a-e81b515d1277', '2022-12-31', 393.143),
('BRA', '7b4f8d88-5adb-4215-aea2-2a4c61de43d2', 'f144ccef-c83e-4ca4-860c-9374c292563b', '2022-12-31', 525.513),
('BRA', '7b4f8d88-5adb-4215-aea2-2a4c61de43d2', 'd11b0974-0997-4cc6-b784-d7f7b936f6e7', '2022-12-31', 303.042),
('BRA', '7b4f8d88-5adb-4215-aea2-2a4c61de43d2', 'ee38b58f-7947-4b0b-817d-6017342ba6d4', '2022-12-31', 896.928),
('BRA', '7b4f8d88-5adb-4215-aea2-2a4c61de43d2', 'fa6d4211-d547-471a-844e-233fe3cae87f', '2022-12-31', 1045.76),
('BRA', '7b4f8d88-5adb-4215-aea2-2a4c61de43d2', '6e3162ed-e666-4d85-aace-596dd64566f9', '2022-12-31', 567.189),
('BRA', '7b4f8d88-5adb-4215-aea2-2a4c61de43d2', 'd9684076-9694-4a48-be6e-37cf359f6f57', '2022-12-31', 686.129),
('BRA', '7b4f8d88-5adb-4215-aea2-2a4c61de43d2', '5171060a-6a98-40c9-b0d1-555aae0cd7a7', '2022-12-31', 385.46),
('BRA', '7b4f8d88-5adb-4215-aea2-2a4c61de43d2', '12b7584e-f390-4edf-8672-d52c8ae7270d', '2022-12-31', 868.002),
('BRA', '7b4f8d88-5adb-4215-aea2-2a4c61de43d2', '3f61a6da-640a-4865-829c-14b3a8a4c99e', '2022-12-31', 656.487),
('BRA', '7b4f8d88-5adb-4215-aea2-2a4c61de43d2', '54219f07-470a-40f3-ba8b-2d9acb269833', '2022-12-31', 592.934),
('BRA', '7b4f8d88-5adb-4215-aea2-2a4c61de43d2', '3c9b8af9-6674-4d88-b694-992dc807e17b', '2022-12-31', 392.65),
('BRA', '7b4f8d88-5adb-4215-aea2-2a4c61de43d2', 'a2143fd0-6c78-4c1d-bb61-4a01de95bcc6', '2022-12-31', 411.103),
('BRA', '7b4f8d88-5adb-4215-aea2-2a4c61de43d2', 'aa7c8bbb-d0f4-4e17-ab04-f6f94eeea0c0', '2022-12-31', 208.312),
('BRA', '7b4f8d88-5adb-4215-aea2-2a4c61de43d2', 'c29fc4d2-38af-4bc2-9b1a-39d8d5a5e574', '2022-12-31', 1636.846),
('BTN', '7b4f8d88-5adb-4215-aea2-2a4c61de43d2', 'b56d5c28-8c1f-4f0a-a05f-d158d17a3ad4', '2022-12-31', 196.732),
('BTN', '7b4f8d88-5adb-4215-aea2-2a4c61de43d2', '901f4d82-b417-4555-8014-ef091ac8bf99', '2022-12-31', 213.958),
('BTN', '7b4f8d88-5adb-4215-aea2-2a4c61de43d2', '5e9f353c-f2bc-44a4-9452-662c65bcd6d9', '2022-12-31', 212.255),
('BTN', '7b4f8d88-5adb-4215-aea2-2a4c61de43d2', '63fbf2ad-9a1f-4571-a035-f06ecf3f2404', '2022-12-31', 350.314),
('BTN', '7b4f8d88-5adb-4215-aea2-2a4c61de43d2', '25ee40ae-abb5-42b6-ab59-637eccb98870', '2022-12-31', 281.7),
('BTN', '7b4f8d88-5adb-4215-aea2-2a4c61de43d2', '572cd6e1-bad0-4f90-879a-e81b515d1277', '2022-12-31', 214.228),
('BTN', '7b4f8d88-5adb-4215-aea2-2a4c61de43d2', 'f144ccef-c83e-4ca4-860c-9374c292563b', '2022-12-31', 298.519),
('BTN', '7b4f8d88-5adb-4215-aea2-2a4c61de43d2', 'd11b0974-0997-4cc6-b784-d7f7b936f6e7', '2022-12-31', 177.276),
('BTN', '7b4f8d88-5adb-4215-aea2-2a4c61de43d2', 'ee38b58f-7947-4b0b-817d-6017342ba6d4', '2022-12-31', 383.88),
('BTN', '7b4f8d88-5adb-4215-aea2-2a4c61de43d2', 'fa6d4211-d547-471a-844e-233fe3cae87f', '2022-12-31', 368.661),
('BTN', '7b4f8d88-5adb-4215-aea2-2a4c61de43d2', '6e3162ed-e666-4d85-aace-596dd64566f9', '2022-12-31', 222.202),
('BTN', '7b4f8d88-5adb-4215-aea2-2a4c61de43d2', 'd9684076-9694-4a48-be6e-37cf359f6f57', '2022-12-31', 352.937),
('BTN', '7b4f8d88-5adb-4215-aea2-2a4c61de43d2', '5171060a-6a98-40c9-b0d1-555aae0cd7a7', '2022-12-31', 256.885),
('BTN', '7b4f8d88-5adb-4215-aea2-2a4c61de43d2', '12b7584e-f390-4edf-8672-d52c8ae7270d', '2022-12-31', 289.488),
('BTN', '7b4f8d88-5adb-4215-aea2-2a4c61de43d2', '3f61a6da-640a-4865-829c-14b3a8a4c99e', '2022-12-31', 344.769),
('BTN', '7b4f8d88-5adb-4215-aea2-2a4c61de43d2', '54219f07-470a-40f3-ba8b-2d9acb269833', '2022-12-31', 326.136),
('BTN', '7b4f8d88-5adb-4215-aea2-2a4c61de43d2', '3c9b8af9-6674-4d88-b694-992dc807e17b', '2022-12-31', 305.218),
('BTN', '7b4f8d88-5adb-4215-aea2-2a4c61de43d2', 'a2143fd0-6c78-4c1d-bb61-4a01de95bcc6', '2022-12-31', 168.101),
('BTN', '7b4f8d88-5adb-4215-aea2-2a4c61de43d2', 'c29fc4d2-38af-4bc2-9b1a-39d8d5a5e574', '2022-12-31', 905.569),
('BWA', '7b4f8d88-5adb-4215-aea2-2a4c61de43d2', 'b56d5c28-8c1f-4f0a-a05f-d158d17a3ad4', '2022-12-31', 135.697),
('BWA', '7b4f8d88-5adb-4215-aea2-2a4c61de43d2', '901f4d82-b417-4555-8014-ef091ac8bf99', '2022-12-31', 1804.597),
('BWA', '7b4f8d88-5adb-4215-aea2-2a4c61de43d2', '5e9f353c-f2bc-44a4-9452-662c65bcd6d9', '2022-12-31', 424.858),
('BWA', '7b4f8d88-5adb-4215-aea2-2a4c61de43d2', '63fbf2ad-9a1f-4571-a035-f06ecf3f2404', '2022-12-31', 864.827),
('BWA', '7b4f8d88-5adb-4215-aea2-2a4c61de43d2', 'd531ef3e-fe01-481b-aacf-6278453e1732', '2022-12-31', 686.854),
('BWA', '7b4f8d88-5adb-4215-aea2-2a4c61de43d2', '25ee40ae-abb5-42b6-ab59-637eccb98870', '2022-12-31', 439.617),
('BWA', '7b4f8d88-5adb-4215-aea2-2a4c61de43d2', '572cd6e1-bad0-4f90-879a-e81b515d1277', '2022-12-31', 302.896),
('BWA', '7b4f8d88-5adb-4215-aea2-2a4c61de43d2', 'f144ccef-c83e-4ca4-860c-9374c292563b', '2022-12-31', 427.202),
('BWA', '7b4f8d88-5adb-4215-aea2-2a4c61de43d2', 'd11b0974-0997-4cc6-b784-d7f7b936f6e7', '2022-12-31', 245.684),
('BWA', '7b4f8d88-5adb-4215-aea2-2a4c61de43d2', 'ee38b58f-7947-4b0b-817d-6017342ba6d4', '2022-12-31', 1099.393),
('BWA', '7b4f8d88-5adb-4215-aea2-2a4c61de43d2', 'fa6d4211-d547-471a-844e-233fe3cae87f', '2022-12-31', 1231.709),
('BWA', '7b4f8d88-5adb-4215-aea2-2a4c61de43d2', '6e3162ed-e666-4d85-aace-596dd64566f9', '2022-12-31', 330.476),
('BWA', '7b4f8d88-5adb-4215-aea2-2a4c61de43d2', 'd9684076-9694-4a48-be6e-37cf359f6f57', '2022-12-31', 820.808),
('BWA', '7b4f8d88-5adb-4215-aea2-2a4c61de43d2', '5171060a-6a98-40c9-b0d1-555aae0cd7a7', '2022-12-31', 212.326),
('BWA', '7b4f8d88-5adb-4215-aea2-2a4c61de43d2', '12b7584e-f390-4edf-8672-d52c8ae7270d', '2022-12-31', 477.087),
('BWA', '7b4f8d88-5adb-4215-aea2-2a4c61de43d2', '3f61a6da-640a-4865-829c-14b3a8a4c99e', '2022-12-31', 851.717),
('BWA', '7b4f8d88-5adb-4215-aea2-2a4c61de43d2', '54219f07-470a-40f3-ba8b-2d9acb269833', '2022-12-31', 733.023),
('BWA', '7b4f8d88-5adb-4215-aea2-2a4c61de43d2', '3c9b8af9-6674-4d88-b694-992dc807e17b', '2022-12-31', 308.955),
('BWA', '7b4f8d88-5adb-4215-aea2-2a4c61de43d2', 'a2143fd0-6c78-4c1d-bb61-4a01de95bcc6', '2022-12-31', 254.113),
('BWA', '7b4f8d88-5adb-4215-aea2-2a4c61de43d2', 'aa7c8bbb-d0f4-4e17-ab04-f6f94eeea0c0', '2022-12-31', 101.744),
('BWA', '7b4f8d88-5adb-4215-aea2-2a4c61de43d2', 'c29fc4d2-38af-4bc2-9b1a-39d8d5a5e574', '2022-12-31', 3170.79),
('CHE', '7b4f8d88-5adb-4215-aea2-2a4c61de43d2', 'b56d5c28-8c1f-4f0a-a05f-d158d17a3ad4', '2022-12-31', 4462.444),
('CHE', '7b4f8d88-5adb-4215-aea2-2a4c61de43d2', '901f4d82-b417-4555-8014-ef091ac8bf99', '2022-12-31', 7574.937),
('CHE', '7b4f8d88-5adb-4215-aea2-2a4c61de43d2', '5e9f353c-f2bc-44a4-9452-662c65bcd6d9', '2022-12-31', 7263.565),
('CHE', '7b4f8d88-5adb-4215-aea2-2a4c61de43d2', '63fbf2ad-9a1f-4571-a035-f06ecf3f2404', '2022-12-31', 8225.981),
('CHE', '7b4f8d88-5adb-4215-aea2-2a4c61de43d2', 'd531ef3e-fe01-481b-aacf-6278453e1732', '2022-12-31', 6394.396),
('CHE', '7b4f8d88-5adb-4215-aea2-2a4c61de43d2', '25ee40ae-abb5-42b6-ab59-637eccb98870', '2022-12-31', 6156.33),
('CHE', '7b4f8d88-5adb-4215-aea2-2a4c61de43d2', '572cd6e1-bad0-4f90-879a-e81b515d1277', '2022-12-31', 5914.704),
('CHE', '7b4f8d88-5adb-4215-aea2-2a4c61de43d2', 'f144ccef-c83e-4ca4-860c-9374c292563b', '2022-12-31', 6388.046),
('CHE', '7b4f8d88-5adb-4215-aea2-2a4c61de43d2', 'd11b0974-0997-4cc6-b784-d7f7b936f6e7', '2022-12-31', 4358.49),
('CHE', '7b4f8d88-5adb-4215-aea2-2a4c61de43d2', 'ee38b58f-7947-4b0b-817d-6017342ba6d4', '2022-12-31', 8975.136),
('CHE', '7b4f8d88-5adb-4215-aea2-2a4c61de43d2', 'fa6d4211-d547-471a-844e-233fe3cae87f', '2022-12-31', 10018.247),
('CHE', '7b4f8d88-5adb-4215-aea2-2a4c61de43d2', '6e3162ed-e666-4d85-aace-596dd64566f9', '2022-12-31', 5606.675),
('CHE', '7b4f8d88-5adb-4215-aea2-2a4c61de43d2', 'd9684076-9694-4a48-be6e-37cf359f6f57', '2022-12-31', 7827.157),
('CHE', '7b4f8d88-5adb-4215-aea2-2a4c61de43d2', '5171060a-6a98-40c9-b0d1-555aae0cd7a7', '2022-12-31', 5390.193),
('CHE', '7b4f8d88-5adb-4215-aea2-2a4c61de43d2', '12b7584e-f390-4edf-8672-d52c8ae7270d', '2022-12-31', 7572.054),
('CHE', '7b4f8d88-5adb-4215-aea2-2a4c61de43d2', '3f61a6da-640a-4865-829c-14b3a8a4c99e', '2022-12-31', 6111.266),
('CHE', '7b4f8d88-5adb-4215-aea2-2a4c61de43d2', '54219f07-470a-40f3-ba8b-2d9acb269833', '2022-12-31', 5068.438),
('CHE', '7b4f8d88-5adb-4215-aea2-2a4c61de43d2', '3c9b8af9-6674-4d88-b694-992dc807e17b', '2022-12-31', 4487.678),
('CHE', '7b4f8d88-5adb-4215-aea2-2a4c61de43d2', 'a2143fd0-6c78-4c1d-bb61-4a01de95bcc6', '2022-12-31', 5138.773),
('CHE', '7b4f8d88-5adb-4215-aea2-2a4c61de43d2', 'aa7c8bbb-d0f4-4e17-ab04-f6f94eeea0c0', '2022-12-31', 2988.258),
('CHE', '7b4f8d88-5adb-4215-aea2-2a4c61de43d2', 'c29fc4d2-38af-4bc2-9b1a-39d8d5a5e574', '2022-12-31', 7964.025),
('CHL', '7b4f8d88-5adb-4215-aea2-2a4c61de43d2', 'b56d5c28-8c1f-4f0a-a05f-d158d17a3ad4', '2022-12-31', 577.899),
('CHL', '7b4f8d88-5adb-4215-aea2-2a4c61de43d2', '901f4d82-b417-4555-8014-ef091ac8bf99', '2022-12-31', 1316.207),
('CHL', '7b4f8d88-5adb-4215-aea2-2a4c61de43d2', '5e9f353c-f2bc-44a4-9452-662c65bcd6d9', '2022-12-31', 813.277),
('CHL', '7b4f8d88-5adb-4215-aea2-2a4c61de43d2', '63fbf2ad-9a1f-4571-a035-f06ecf3f2404', '2022-12-31', 1308.449),
('CHL', '7b4f8d88-5adb-4215-aea2-2a4c61de43d2', 'd531ef3e-fe01-481b-aacf-6278453e1732', '2022-12-31', 768.868),
('CHL', '7b4f8d88-5adb-4215-aea2-2a4c61de43d2', '25ee40ae-abb5-42b6-ab59-637eccb98870', '2022-12-31', 775.433),
('CHL', '7b4f8d88-5adb-4215-aea2-2a4c61de43d2', '572cd6e1-bad0-4f90-879a-e81b515d1277', '2022-12-31', 724.153),
('CHL', '7b4f8d88-5adb-4215-aea2-2a4c61de43d2', 'f144ccef-c83e-4ca4-860c-9374c292563b', '2022-12-31', 814.826),
('CHL', '7b4f8d88-5adb-4215-aea2-2a4c61de43d2', 'd11b0974-0997-4cc6-b784-d7f7b936f6e7', '2022-12-31', 530.088),
('CHL', '7b4f8d88-5adb-4215-aea2-2a4c61de43d2', 'ee38b58f-7947-4b0b-817d-6017342ba6d4', '2022-12-31', 1287.544),
('CHL', '7b4f8d88-5adb-4215-aea2-2a4c61de43d2', 'fa6d4211-d547-471a-844e-233fe3cae87f', '2022-12-31', 1426.196),
('CHL', '7b4f8d88-5adb-4215-aea2-2a4c61de43d2', '6e3162ed-e666-4d85-aace-596dd64566f9', '2022-12-31', 927.559),
('CHL', '7b4f8d88-5adb-4215-aea2-2a4c61de43d2', 'd9684076-9694-4a48-be6e-37cf359f6f57', '2022-12-31', 1332.78),
('CHL', '7b4f8d88-5adb-4215-aea2-2a4c61de43d2', '5171060a-6a98-40c9-b0d1-555aae0cd7a7', '2022-12-31', 732.693),
('CHL', '7b4f8d88-5adb-4215-aea2-2a4c61de43d2', '12b7584e-f390-4edf-8672-d52c8ae7270d', '2022-12-31', 1145.446),
('CHL', '7b4f8d88-5adb-4215-aea2-2a4c61de43d2', '3f61a6da-640a-4865-829c-14b3a8a4c99e', '2022-12-31', 943.129),
('CHL', '7b4f8d88-5adb-4215-aea2-2a4c61de43d2', '54219f07-470a-40f3-ba8b-2d9acb269833', '2022-12-31', 1086.169),
('CHL', '7b4f8d88-5adb-4215-aea2-2a4c61de43d2', '3c9b8af9-6674-4d88-b694-992dc807e17b', '2022-12-31', 681.142),
('CHL', '7b4f8d88-5adb-4215-aea2-2a4c61de43d2', 'a2143fd0-6c78-4c1d-bb61-4a01de95bcc6', '2022-12-31', 602.954),
('CHL', '7b4f8d88-5adb-4215-aea2-2a4c61de43d2', 'aa7c8bbb-d0f4-4e17-ab04-f6f94eeea0c0', '2022-12-31', 394.668),
('CHL', '7b4f8d88-5adb-4215-aea2-2a4c61de43d2', 'c29fc4d2-38af-4bc2-9b1a-39d8d5a5e574', '2022-12-31', 2623.864),
('COL', '7b4f8d88-5adb-4215-aea2-2a4c61de43d2', 'b56d5c28-8c1f-4f0a-a05f-d158d17a3ad4', '2022-12-31', 220.988),
('COL', '7b4f8d88-5adb-4215-aea2-2a4c61de43d2', '901f4d82-b417-4555-8014-ef091ac8bf99', '2022-12-31', 445.884),
('COL', '7b4f8d88-5adb-4215-aea2-2a4c61de43d2', '5e9f353c-f2bc-44a4-9452-662c65bcd6d9', '2022-12-31', 345.737),
('COL', '7b4f8d88-5adb-4215-aea2-2a4c61de43d2', '63fbf2ad-9a1f-4571-a035-f06ecf3f2404', '2022-12-31', 569.775),
('COL', '7b4f8d88-5adb-4215-aea2-2a4c61de43d2', 'd531ef3e-fe01-481b-aacf-6278453e1732', '2022-12-31', 364.035),
('COL', '7b4f8d88-5adb-4215-aea2-2a4c61de43d2', '25ee40ae-abb5-42b6-ab59-637eccb98870', '2022-12-31', 313.256),
('COL', '7b4f8d88-5adb-4215-aea2-2a4c61de43d2', '572cd6e1-bad0-4f90-879a-e81b515d1277', '2022-12-31', 305.336),
('COL', '7b4f8d88-5adb-4215-aea2-2a4c61de43d2', 'f144ccef-c83e-4ca4-860c-9374c292563b', '2022-12-31', 340.481),
('COL', '7b4f8d88-5adb-4215-aea2-2a4c61de43d2', 'd11b0974-0997-4cc6-b784-d7f7b936f6e7', '2022-12-31', 235.39),
('COL', '7b4f8d88-5adb-4215-aea2-2a4c61de43d2', 'ee38b58f-7947-4b0b-817d-6017342ba6d4', '2022-12-31', 611.88),
('COL', '7b4f8d88-5adb-4215-aea2-2a4c61de43d2', 'fa6d4211-d547-471a-844e-233fe3cae87f', '2022-12-31', 602.311),
('COL', '7b4f8d88-5adb-4215-aea2-2a4c61de43d2', '6e3162ed-e666-4d85-aace-596dd64566f9', '2022-12-31', 321.71),
('COL', '7b4f8d88-5adb-4215-aea2-2a4c61de43d2', 'd9684076-9694-4a48-be6e-37cf359f6f57', '2022-12-31', 561.931),
('COL', '7b4f8d88-5adb-4215-aea2-2a4c61de43d2', '5171060a-6a98-40c9-b0d1-555aae0cd7a7', '2022-12-31', 352.402),
('COL', '7b4f8d88-5adb-4215-aea2-2a4c61de43d2', '12b7584e-f390-4edf-8672-d52c8ae7270d', '2022-12-31', 709.834),
('COL', '7b4f8d88-5adb-4215-aea2-2a4c61de43d2', '3f61a6da-640a-4865-829c-14b3a8a4c99e', '2022-12-31', 599.516),
('COL', '7b4f8d88-5adb-4215-aea2-2a4c61de43d2', '54219f07-470a-40f3-ba8b-2d9acb269833', '2022-12-31', 451.639),
('COL', '7b4f8d88-5adb-4215-aea2-2a4c61de43d2', '3c9b8af9-6674-4d88-b694-992dc807e17b', '2022-12-31', 307.286),
('COL', '7b4f8d88-5adb-4215-aea2-2a4c61de43d2', 'a2143fd0-6c78-4c1d-bb61-4a01de95bcc6', '2022-12-31', 328.15),
('COL', '7b4f8d88-5adb-4215-aea2-2a4c61de43d2', 'aa7c8bbb-d0f4-4e17-ab04-f6f94eeea0c0', '2022-12-31', 185.022),
('COL', '7b4f8d88-5adb-4215-aea2-2a4c61de43d2', 'c29fc4d2-38af-4bc2-9b1a-39d8d5a5e574', '2022-12-31', 1030.568),
('CRI', '7b4f8d88-5adb-4215-aea2-2a4c61de43d2', 'b56d5c28-8c1f-4f0a-a05f-d158d17a3ad4', '2022-12-31', 574.272),
('CRI', '7b4f8d88-5adb-4215-aea2-2a4c61de43d2', '901f4d82-b417-4555-8014-ef091ac8bf99', '2022-12-31', 741.43),
('CRI', '7b4f8d88-5adb-4215-aea2-2a4c61de43d2', '5e9f353c-f2bc-44a4-9452-662c65bcd6d9', '2022-12-31', 865.549),
('CRI', '7b4f8d88-5adb-4215-aea2-2a4c61de43d2', '63fbf2ad-9a1f-4571-a035-f06ecf3f2404', '2022-12-31', 1657.901),
('CRI', '7b4f8d88-5adb-4215-aea2-2a4c61de43d2', 'd531ef3e-fe01-481b-aacf-6278453e1732', '2022-12-31', 1410.333),
('CRI', '7b4f8d88-5adb-4215-aea2-2a4c61de43d2', '25ee40ae-abb5-42b6-ab59-637eccb98870', '2022-12-31', 716.95),
('CRI', '7b4f8d88-5adb-4215-aea2-2a4c61de43d2', '572cd6e1-bad0-4f90-879a-e81b515d1277', '2022-12-31', 732.398),
('CRI', '7b4f8d88-5adb-4215-aea2-2a4c61de43d2', 'f144ccef-c83e-4ca4-860c-9374c292563b', '2022-12-31', 856.525),
('CRI', '7b4f8d88-5adb-4215-aea2-2a4c61de43d2', 'd11b0974-0997-4cc6-b784-d7f7b936f6e7', '2022-12-31', 788.446),
('CRI', '7b4f8d88-5adb-4215-aea2-2a4c61de43d2', 'ee38b58f-7947-4b0b-817d-6017342ba6d4', '2022-12-31', 1476.434),
('CRI', '7b4f8d88-5adb-4215-aea2-2a4c61de43d2', 'fa6d4211-d547-471a-844e-233fe3cae87f', '2022-12-31', 1549.445),
('CRI', '7b4f8d88-5adb-4215-aea2-2a4c61de43d2', '6e3162ed-e666-4d85-aace-596dd64566f9', '2022-12-31', 712.138),
('CRI', '7b4f8d88-5adb-4215-aea2-2a4c61de43d2', 'd9684076-9694-4a48-be6e-37cf359f6f57', '2022-12-31', 1295.956),
('CRI', '7b4f8d88-5adb-4215-aea2-2a4c61de43d2', '5171060a-6a98-40c9-b0d1-555aae0cd7a7', '2022-12-31', 940.896),
('CRI', '7b4f8d88-5adb-4215-aea2-2a4c61de43d2', '12b7584e-f390-4edf-8672-d52c8ae7270d', '2022-12-31', 1470.888),
('CRI', '7b4f8d88-5adb-4215-aea2-2a4c61de43d2', '3f61a6da-640a-4865-829c-14b3a8a4c99e', '2022-12-31', 1488.415),
('CRI', '7b4f8d88-5adb-4215-aea2-2a4c61de43d2', '54219f07-470a-40f3-ba8b-2d9acb269833', '2022-12-31', 1351.291),
('CRI', '7b4f8d88-5adb-4215-aea2-2a4c61de43d2', '3c9b8af9-6674-4d88-b694-992dc807e17b', '2022-12-31', 972.979),
('CRI', '7b4f8d88-5adb-4215-aea2-2a4c61de43d2', 'a2143fd0-6c78-4c1d-bb61-4a01de95bcc6', '2022-12-31', 842.554),
('CRI', '7b4f8d88-5adb-4215-aea2-2a4c61de43d2', 'aa7c8bbb-d0f4-4e17-ab04-f6f94eeea0c0', '2022-12-31', 354.896),
('CRI', '7b4f8d88-5adb-4215-aea2-2a4c61de43d2', 'c29fc4d2-38af-4bc2-9b1a-39d8d5a5e574', '2022-12-31', 618.439),
('CYP', '7b4f8d88-5adb-4215-aea2-2a4c61de43d2', 'b56d5c28-8c1f-4f0a-a05f-d158d17a3ad4', '2022-12-31', 2296.91),
('CYP', '7b4f8d88-5adb-4215-aea2-2a4c61de43d2', '5e9f353c-f2bc-44a4-9452-662c65bcd6d9', '2022-12-31', 2409.885),
('CYP', '7b4f8d88-5adb-4215-aea2-2a4c61de43d2', '25ee40ae-abb5-42b6-ab59-637eccb98870', '2022-12-31', 2382.112),
('CYP', '7b4f8d88-5adb-4215-aea2-2a4c61de43d2', '572cd6e1-bad0-4f90-879a-e81b515d1277', '2022-12-31', 1999.9),
('CYP', '7b4f8d88-5adb-4215-aea2-2a4c61de43d2', 'f144ccef-c83e-4ca4-860c-9374c292563b', '2022-12-31', 2749.721),
('CYP', '7b4f8d88-5adb-4215-aea2-2a4c61de43d2', 'd11b0974-0997-4cc6-b784-d7f7b936f6e7', '2022-12-31', 2008.96),
('CYP', '7b4f8d88-5adb-4215-aea2-2a4c61de43d2', 'ee38b58f-7947-4b0b-817d-6017342ba6d4', '2022-12-31', 3658.75),
('CYP', '7b4f8d88-5adb-4215-aea2-2a4c61de43d2', 'fa6d4211-d547-471a-844e-233fe3cae87f', '2022-12-31', 4114.156),
('CYP', '7b4f8d88-5adb-4215-aea2-2a4c61de43d2', '6e3162ed-e666-4d85-aace-596dd64566f9', '2022-12-31', 2805.49),
('CYP', '7b4f8d88-5adb-4215-aea2-2a4c61de43d2', '12b7584e-f390-4edf-8672-d52c8ae7270d', '2022-12-31', 3238.528),
('CYP', '7b4f8d88-5adb-4215-aea2-2a4c61de43d2', '3f61a6da-640a-4865-829c-14b3a8a4c99e', '2022-12-31', 3357.592),
('CYP', '7b4f8d88-5adb-4215-aea2-2a4c61de43d2', '54219f07-470a-40f3-ba8b-2d9acb269833', '2022-12-31', 2952.138),
('CYP', '7b4f8d88-5adb-4215-aea2-2a4c61de43d2', 'a2143fd0-6c78-4c1d-bb61-4a01de95bcc6', '2022-12-31', 1453.258),
('CZE', '7b4f8d88-5adb-4215-aea2-2a4c61de43d2', 'b56d5c28-8c1f-4f0a-a05f-d158d17a3ad4', '2022-12-31', 1878.183),
('CZE', '7b4f8d88-5adb-4215-aea2-2a4c61de43d2', '5e9f353c-f2bc-44a4-9452-662c65bcd6d9', '2022-12-31', 1996.218),
('CZE', '7b4f8d88-5adb-4215-aea2-2a4c61de43d2', '25ee40ae-abb5-42b6-ab59-637eccb98870', '2022-12-31', 2122.359),
('CZE', '7b4f8d88-5adb-4215-aea2-2a4c61de43d2', '572cd6e1-bad0-4f90-879a-e81b515d1277', '2022-12-31', 1776.433),
('CZE', '7b4f8d88-5adb-4215-aea2-2a4c61de43d2', 'f144ccef-c83e-4ca4-860c-9374c292563b', '2022-12-31', 2141.231),
('CZE', '7b4f8d88-5adb-4215-aea2-2a4c61de43d2', 'd11b0974-0997-4cc6-b784-d7f7b936f6e7', '2022-12-31', 1453.97),
('CZE', '7b4f8d88-5adb-4215-aea2-2a4c61de43d2', 'ee38b58f-7947-4b0b-817d-6017342ba6d4', '2022-12-31', 3188.872),
('CZE', '7b4f8d88-5adb-4215-aea2-2a4c61de43d2', 'fa6d4211-d547-471a-844e-233fe3cae87f', '2022-12-31', 3264.818),
('CZE', '7b4f8d88-5adb-4215-aea2-2a4c61de43d2', '6e3162ed-e666-4d85-aace-596dd64566f9', '2022-12-31', 2185.648),
('CZE', '7b4f8d88-5adb-4215-aea2-2a4c61de43d2', '12b7584e-f390-4edf-8672-d52c8ae7270d', '2022-12-31', 2323.239),
('CZE', '7b4f8d88-5adb-4215-aea2-2a4c61de43d2', '3f61a6da-640a-4865-829c-14b3a8a4c99e', '2022-12-31', 1939.094),
('CZE', '7b4f8d88-5adb-4215-aea2-2a4c61de43d2', '54219f07-470a-40f3-ba8b-2d9acb269833', '2022-12-31', 2072.326),
('CZE', '7b4f8d88-5adb-4215-aea2-2a4c61de43d2', 'a2143fd0-6c78-4c1d-bb61-4a01de95bcc6', '2022-12-31', 1756.793),
('DNK', '7b4f8d88-5adb-4215-aea2-2a4c61de43d2', 'b56d5c28-8c1f-4f0a-a05f-d158d17a3ad4', '2022-12-31', 3820.752),
('DNK', '7b4f8d88-5adb-4215-aea2-2a4c61de43d2', '5e9f353c-f2bc-44a4-9452-662c65bcd6d9', '2022-12-31', 6812.033),
('DNK', '7b4f8d88-5adb-4215-aea2-2a4c61de43d2', '25ee40ae-abb5-42b6-ab59-637eccb98870', '2022-12-31', 5154.727),
('DNK', '7b4f8d88-5adb-4215-aea2-2a4c61de43d2', '572cd6e1-bad0-4f90-879a-e81b515d1277', '2022-12-31', 5293.026),
('DNK', '7b4f8d88-5adb-4215-aea2-2a4c61de43d2', 'f144ccef-c83e-4ca4-860c-9374c292563b', '2022-12-31', 6732.803),
('DNK', '7b4f8d88-5adb-4215-aea2-2a4c61de43d2', 'd11b0974-0997-4cc6-b784-d7f7b936f6e7', '2022-12-31', 3194.282),
('DNK', '7b4f8d88-5adb-4215-aea2-2a4c61de43d2', 'ee38b58f-7947-4b0b-817d-6017342ba6d4', '2022-12-31', 7733.243),
('DNK', '7b4f8d88-5adb-4215-aea2-2a4c61de43d2', 'fa6d4211-d547-471a-844e-233fe3cae87f', '2022-12-31', 9707.443),
('DNK', '7b4f8d88-5adb-4215-aea2-2a4c61de43d2', '6e3162ed-e666-4d85-aace-596dd64566f9', '2022-12-31', 6202.554),
('DNK', '7b4f8d88-5adb-4215-aea2-2a4c61de43d2', '12b7584e-f390-4edf-8672-d52c8ae7270d', '2022-12-31', 6300.007),
('DNK', '7b4f8d88-5adb-4215-aea2-2a4c61de43d2', '3f61a6da-640a-4865-829c-14b3a8a4c99e', '2022-12-31', 5693.632),
('DNK', '7b4f8d88-5adb-4215-aea2-2a4c61de43d2', '54219f07-470a-40f3-ba8b-2d9acb269833', '2022-12-31', 5242.266),
('DNK', '7b4f8d88-5adb-4215-aea2-2a4c61de43d2', 'a2143fd0-6c78-4c1d-bb61-4a01de95bcc6', '2022-12-31', 5724.028),
('DOM', '7b4f8d88-5adb-4215-aea2-2a4c61de43d2', 'b56d5c28-8c1f-4f0a-a05f-d158d17a3ad4', '2022-12-31', 286.809),
('DOM', '7b4f8d88-5adb-4215-aea2-2a4c61de43d2', '901f4d82-b417-4555-8014-ef091ac8bf99', '2022-12-31', 1031.97),
('DOM', '7b4f8d88-5adb-4215-aea2-2a4c61de43d2', '5e9f353c-f2bc-44a4-9452-662c65bcd6d9', '2022-12-31', 420.409),
('DOM', '7b4f8d88-5adb-4215-aea2-2a4c61de43d2', '63fbf2ad-9a1f-4571-a035-f06ecf3f2404', '2022-12-31', 968.504),
('DOM', '7b4f8d88-5adb-4215-aea2-2a4c61de43d2', 'd531ef3e-fe01-481b-aacf-6278453e1732', '2022-12-31', 274.622),
('DOM', '7b4f8d88-5adb-4215-aea2-2a4c61de43d2', '25ee40ae-abb5-42b6-ab59-637eccb98870', '2022-12-31', 470.043),
('DOM', '7b4f8d88-5adb-4215-aea2-2a4c61de43d2', '572cd6e1-bad0-4f90-879a-e81b515d1277', '2022-12-31', 355.175),
('DOM', '7b4f8d88-5adb-4215-aea2-2a4c61de43d2', 'f144ccef-c83e-4ca4-860c-9374c292563b', '2022-12-31', 400.255),
('DOM', '7b4f8d88-5adb-4215-aea2-2a4c61de43d2', 'd11b0974-0997-4cc6-b784-d7f7b936f6e7', '2022-12-31', 421.783),
('DOM', '7b4f8d88-5adb-4215-aea2-2a4c61de43d2', 'ee38b58f-7947-4b0b-817d-6017342ba6d4', '2022-12-31', 648.524),
('DOM', '7b4f8d88-5adb-4215-aea2-2a4c61de43d2', 'fa6d4211-d547-471a-844e-233fe3cae87f', '2022-12-31', 572.461),
('DOM', '7b4f8d88-5adb-4215-aea2-2a4c61de43d2', '6e3162ed-e666-4d85-aace-596dd64566f9', '2022-12-31', 448.163),
('DOM', '7b4f8d88-5adb-4215-aea2-2a4c61de43d2', 'd9684076-9694-4a48-be6e-37cf359f6f57', '2022-12-31', 435.587),
('DOM', '7b4f8d88-5adb-4215-aea2-2a4c61de43d2', '5171060a-6a98-40c9-b0d1-555aae0cd7a7', '2022-12-31', 407.305),
('DOM', '7b4f8d88-5adb-4215-aea2-2a4c61de43d2', '12b7584e-f390-4edf-8672-d52c8ae7270d', '2022-12-31', 480.758),
('DOM', '7b4f8d88-5adb-4215-aea2-2a4c61de43d2', '3f61a6da-640a-4865-829c-14b3a8a4c99e', '2022-12-31', 577.433),
('DOM', '7b4f8d88-5adb-4215-aea2-2a4c61de43d2', '54219f07-470a-40f3-ba8b-2d9acb269833', '2022-12-31', 457.856),
('DOM', '7b4f8d88-5adb-4215-aea2-2a4c61de43d2', '3c9b8af9-6674-4d88-b694-992dc807e17b', '2022-12-31', 228.607),
('DOM', '7b4f8d88-5adb-4215-aea2-2a4c61de43d2', 'a2143fd0-6c78-4c1d-bb61-4a01de95bcc6', '2022-12-31', 294.351),
('DOM', '7b4f8d88-5adb-4215-aea2-2a4c61de43d2', 'aa7c8bbb-d0f4-4e17-ab04-f6f94eeea0c0', '2022-12-31', 235.809),
('ECU', '7b4f8d88-5adb-4215-aea2-2a4c61de43d2', 'b56d5c28-8c1f-4f0a-a05f-d158d17a3ad4', '2022-12-31', 298.506),
('ECU', '7b4f8d88-5adb-4215-aea2-2a4c61de43d2', '901f4d82-b417-4555-8014-ef091ac8bf99', '2022-12-31', 842.482),
('ECU', '7b4f8d88-5adb-4215-aea2-2a4c61de43d2', '5e9f353c-f2bc-44a4-9452-662c65bcd6d9', '2022-12-31', 531.565),
('ECU', '7b4f8d88-5adb-4215-aea2-2a4c61de43d2', '63fbf2ad-9a1f-4571-a035-f06ecf3f2404', '2022-12-31', 1091.003),
('ECU', '7b4f8d88-5adb-4215-aea2-2a4c61de43d2', 'd531ef3e-fe01-481b-aacf-6278453e1732', '2022-12-31', 610.992),
('ECU', '7b4f8d88-5adb-4215-aea2-2a4c61de43d2', '25ee40ae-abb5-42b6-ab59-637eccb98870', '2022-12-31', 378.689),
('ECU', '7b4f8d88-5adb-4215-aea2-2a4c61de43d2', '572cd6e1-bad0-4f90-879a-e81b515d1277', '2022-12-31', 472.317),
('ECU', '7b4f8d88-5adb-4215-aea2-2a4c61de43d2', 'f144ccef-c83e-4ca4-860c-9374c292563b', '2022-12-31', 540.026),
('ECU', '7b4f8d88-5adb-4215-aea2-2a4c61de43d2', 'd11b0974-0997-4cc6-b784-d7f7b936f6e7', '2022-12-31', 349.91),
('ECU', '7b4f8d88-5adb-4215-aea2-2a4c61de43d2', 'ee38b58f-7947-4b0b-817d-6017342ba6d4', '2022-12-31', 761.131),
('ECU', '7b4f8d88-5adb-4215-aea2-2a4c61de43d2', 'fa6d4211-d547-471a-844e-233fe3cae87f', '2022-12-31', 906.095),
('ECU', '7b4f8d88-5adb-4215-aea2-2a4c61de43d2', '6e3162ed-e666-4d85-aace-596dd64566f9', '2022-12-31', 504.228),
('ECU', '7b4f8d88-5adb-4215-aea2-2a4c61de43d2', 'd9684076-9694-4a48-be6e-37cf359f6f57', '2022-12-31', 612.204),
('ECU', '7b4f8d88-5adb-4215-aea2-2a4c61de43d2', '5171060a-6a98-40c9-b0d1-555aae0cd7a7', '2022-12-31', 477.642),
('ECU', '7b4f8d88-5adb-4215-aea2-2a4c61de43d2', '12b7584e-f390-4edf-8672-d52c8ae7270d', '2022-12-31', 897.001),
('ECU', '7b4f8d88-5adb-4215-aea2-2a4c61de43d2', '3f61a6da-640a-4865-829c-14b3a8a4c99e', '2022-12-31', 747.426),
('ECU', '7b4f8d88-5adb-4215-aea2-2a4c61de43d2', '54219f07-470a-40f3-ba8b-2d9acb269833', '2022-12-31', 796.552),
('ECU', '7b4f8d88-5adb-4215-aea2-2a4c61de43d2', '3c9b8af9-6674-4d88-b694-992dc807e17b', '2022-12-31', 521.995),
('ECU', '7b4f8d88-5adb-4215-aea2-2a4c61de43d2', 'a2143fd0-6c78-4c1d-bb61-4a01de95bcc6', '2022-12-31', 447.244),
('ECU', '7b4f8d88-5adb-4215-aea2-2a4c61de43d2', 'aa7c8bbb-d0f4-4e17-ab04-f6f94eeea0c0', '2022-12-31', 325.79),
('ECU', '7b4f8d88-5adb-4215-aea2-2a4c61de43d2', 'c29fc4d2-38af-4bc2-9b1a-39d8d5a5e574', '2022-12-31', 1276.786),
('EGY', '7b4f8d88-5adb-4215-aea2-2a4c61de43d2', 'b56d5c28-8c1f-4f0a-a05f-d158d17a3ad4', '2022-12-31', 167.045),
('EGY', '7b4f8d88-5adb-4215-aea2-2a4c61de43d2', '901f4d82-b417-4555-8014-ef091ac8bf99', '2022-12-31', 206.604),
('EGY', '7b4f8d88-5adb-4215-aea2-2a4c61de43d2', '5e9f353c-f2bc-44a4-9452-662c65bcd6d9', '2022-12-31', 162.085),
('EGY', '7b4f8d88-5adb-4215-aea2-2a4c61de43d2', '63fbf2ad-9a1f-4571-a035-f06ecf3f2404', '2022-12-31', 210.168),
('EGY', '7b4f8d88-5adb-4215-aea2-2a4c61de43d2', 'd531ef3e-fe01-481b-aacf-6278453e1732', '2022-12-31', 167.425),
('EGY', '7b4f8d88-5adb-4215-aea2-2a4c61de43d2', '25ee40ae-abb5-42b6-ab59-637eccb98870', '2022-12-31', 206.417),
('EGY', '7b4f8d88-5adb-4215-aea2-2a4c61de43d2', '572cd6e1-bad0-4f90-879a-e81b515d1277', '2022-12-31', 146.79),
('EGY', '7b4f8d88-5adb-4215-aea2-2a4c61de43d2', 'f144ccef-c83e-4ca4-860c-9374c292563b', '2022-12-31', 190.68),
('EGY', '7b4f8d88-5adb-4215-aea2-2a4c61de43d2', 'd11b0974-0997-4cc6-b784-d7f7b936f6e7', '2022-12-31', 154.526),
('EGY', '7b4f8d88-5adb-4215-aea2-2a4c61de43d2', 'ee38b58f-7947-4b0b-817d-6017342ba6d4', '2022-12-31', 195.604),
('EGY', '7b4f8d88-5adb-4215-aea2-2a4c61de43d2', 'fa6d4211-d547-471a-844e-233fe3cae87f', '2022-12-31', 203.533),
('EGY', '7b4f8d88-5adb-4215-aea2-2a4c61de43d2', '6e3162ed-e666-4d85-aace-596dd64566f9', '2022-12-31', 180.696),
('EGY', '7b4f8d88-5adb-4215-aea2-2a4c61de43d2', 'd9684076-9694-4a48-be6e-37cf359f6f57', '2022-12-31', 184.137),
('EGY', '7b4f8d88-5adb-4215-aea2-2a4c61de43d2', '5171060a-6a98-40c9-b0d1-555aae0cd7a7', '2022-12-31', 162.378),
('EGY', '7b4f8d88-5adb-4215-aea2-2a4c61de43d2', '12b7584e-f390-4edf-8672-d52c8ae7270d', '2022-12-31', 188.926),
('EGY', '7b4f8d88-5adb-4215-aea2-2a4c61de43d2', '3f61a6da-640a-4865-829c-14b3a8a4c99e', '2022-12-31', 162.236),
('EGY', '7b4f8d88-5adb-4215-aea2-2a4c61de43d2', '54219f07-470a-40f3-ba8b-2d9acb269833', '2022-12-31', 155.031),
('EGY', '7b4f8d88-5adb-4215-aea2-2a4c61de43d2', '3c9b8af9-6674-4d88-b694-992dc807e17b', '2022-12-31', 156.247),
('EGY', '7b4f8d88-5adb-4215-aea2-2a4c61de43d2', 'a2143fd0-6c78-4c1d-bb61-4a01de95bcc6', '2022-12-31', 145.351),
('EGY', '7b4f8d88-5adb-4215-aea2-2a4c61de43d2', 'aa7c8bbb-d0f4-4e17-ab04-f6f94eeea0c0', '2022-12-31', 123.799),
('ESP', '7b4f8d88-5adb-4215-aea2-2a4c61de43d2', 'b56d5c28-8c1f-4f0a-a05f-d158d17a3ad4', '2022-12-31', 1646.204),
('ESP', '7b4f8d88-5adb-4215-aea2-2a4c61de43d2', '5e9f353c-f2bc-44a4-9452-662c65bcd6d9', '2022-12-31', 3237.979),
('ESP', '7b4f8d88-5adb-4215-aea2-2a4c61de43d2', '25ee40ae-abb5-42b6-ab59-637eccb98870', '2022-12-31', 2639.543),
('ESP', '7b4f8d88-5adb-4215-aea2-2a4c61de43d2', '572cd6e1-bad0-4f90-879a-e81b515d1277', '2022-12-31', 2298.96),
('ESP', '7b4f8d88-5adb-4215-aea2-2a4c61de43d2', 'f144ccef-c83e-4ca4-860c-9374c292563b', '2022-12-31', 2805.221),
('ESP', '7b4f8d88-5adb-4215-aea2-2a4c61de43d2', 'd11b0974-0997-4cc6-b784-d7f7b936f6e7', '2022-12-31', 1502.349),
('ESP', '7b4f8d88-5adb-4215-aea2-2a4c61de43d2', 'ee38b58f-7947-4b0b-817d-6017342ba6d4', '2022-12-31', 3789.655),
('ESP', '7b4f8d88-5adb-4215-aea2-2a4c61de43d2', 'fa6d4211-d547-471a-844e-233fe3cae87f', '2022-12-31', 4638.758),
('ESP', '7b4f8d88-5adb-4215-aea2-2a4c61de43d2', '6e3162ed-e666-4d85-aace-596dd64566f9', '2022-12-31', 2573.586),
('ESP', '7b4f8d88-5adb-4215-aea2-2a4c61de43d2', '12b7584e-f390-4edf-8672-d52c8ae7270d', '2022-12-31', 3732.71),
('ESP', '7b4f8d88-5adb-4215-aea2-2a4c61de43d2', '3f61a6da-640a-4865-829c-14b3a8a4c99e', '2022-12-31', 3360.872),
('ESP', '7b4f8d88-5adb-4215-aea2-2a4c61de43d2', '54219f07-470a-40f3-ba8b-2d9acb269833', '2022-12-31', 3192.035),
('ESP', '7b4f8d88-5adb-4215-aea2-2a4c61de43d2', 'a2143fd0-6c78-4c1d-bb61-4a01de95bcc6', '2022-12-31', 1642.298),
('EST', '7b4f8d88-5adb-4215-aea2-2a4c61de43d2', 'b56d5c28-8c1f-4f0a-a05f-d158d17a3ad4', '2022-12-31', 1916.329),
('EST', '7b4f8d88-5adb-4215-aea2-2a4c61de43d2', '5e9f353c-f2bc-44a4-9452-662c65bcd6d9', '2022-12-31', 2105.1),
('EST', '7b4f8d88-5adb-4215-aea2-2a4c61de43d2', '25ee40ae-abb5-42b6-ab59-637eccb98870', '2022-12-31', 2090.844),
('EST', '7b4f8d88-5adb-4215-aea2-2a4c61de43d2', '572cd6e1-bad0-4f90-879a-e81b515d1277', '2022-12-31', 2007.111),
('EST', '7b4f8d88-5adb-4215-aea2-2a4c61de43d2', 'f144ccef-c83e-4ca4-860c-9374c292563b', '2022-12-31', 2031.501),
('EST', '7b4f8d88-5adb-4215-aea2-2a4c61de43d2', 'd11b0974-0997-4cc6-b784-d7f7b936f6e7', '2022-12-31', 1158.133),
('EST', '7b4f8d88-5adb-4215-aea2-2a4c61de43d2', 'ee38b58f-7947-4b0b-817d-6017342ba6d4', '2022-12-31', 3847.751),
('EST', '7b4f8d88-5adb-4215-aea2-2a4c61de43d2', 'fa6d4211-d547-471a-844e-233fe3cae87f', '2022-12-31', 3735.028),
('EST', '7b4f8d88-5adb-4215-aea2-2a4c61de43d2', '6e3162ed-e666-4d85-aace-596dd64566f9', '2022-12-31', 2358.508),
('EST', '7b4f8d88-5adb-4215-aea2-2a4c61de43d2', '12b7584e-f390-4edf-8672-d52c8ae7270d', '2022-12-31', 2438.404),
('EST', '7b4f8d88-5adb-4215-aea2-2a4c61de43d2', '3f61a6da-640a-4865-829c-14b3a8a4c99e', '2022-12-31', 2086.947),
('EST', '7b4f8d88-5adb-4215-aea2-2a4c61de43d2', '54219f07-470a-40f3-ba8b-2d9acb269833', '2022-12-31', 2685.618),
('EST', '7b4f8d88-5adb-4215-aea2-2a4c61de43d2', 'a2143fd0-6c78-4c1d-bb61-4a01de95bcc6', '2022-12-31', 1609.356),
('FIN', '7b4f8d88-5adb-4215-aea2-2a4c61de43d2', 'b56d5c28-8c1f-4f0a-a05f-d158d17a3ad4', '2022-12-31', 3703.29),
('FIN', '7b4f8d88-5adb-4215-aea2-2a4c61de43d2', '5e9f353c-f2bc-44a4-9452-662c65bcd6d9', '2022-12-31', 5329.908),
('FIN', '7b4f8d88-5adb-4215-aea2-2a4c61de43d2', '25ee40ae-abb5-42b6-ab59-637eccb98870', '2022-12-31', 4879.794),
('FIN', '7b4f8d88-5adb-4215-aea2-2a4c61de43d2', '572cd6e1-bad0-4f90-879a-e81b515d1277', '2022-12-31', 4160.196),
('FIN', '7b4f8d88-5adb-4215-aea2-2a4c61de43d2', 'f144ccef-c83e-4ca4-860c-9374c292563b', '2022-12-31', 4364.557),
('FIN', '7b4f8d88-5adb-4215-aea2-2a4c61de43d2', 'd11b0974-0997-4cc6-b784-d7f7b936f6e7', '2022-12-31', 3108.218),
('FIN', '7b4f8d88-5adb-4215-aea2-2a4c61de43d2', 'ee38b58f-7947-4b0b-817d-6017342ba6d4', '2022-12-31', 6718.59),
('FIN', '7b4f8d88-5adb-4215-aea2-2a4c61de43d2', 'fa6d4211-d547-471a-844e-233fe3cae87f', '2022-12-31', 7305.73),
('FIN', '7b4f8d88-5adb-4215-aea2-2a4c61de43d2', '6e3162ed-e666-4d85-aace-596dd64566f9', '2022-12-31', 4743.912),
('FIN', '7b4f8d88-5adb-4215-aea2-2a4c61de43d2', '12b7584e-f390-4edf-8672-d52c8ae7270d', '2022-12-31', 5100.886),
('FIN', '7b4f8d88-5adb-4215-aea2-2a4c61de43d2', '3f61a6da-640a-4865-829c-14b3a8a4c99e', '2022-12-31', 4703.808),
('FIN', '7b4f8d88-5adb-4215-aea2-2a4c61de43d2', '54219f07-470a-40f3-ba8b-2d9acb269833', '2022-12-31', 4387.822),
('FIN', '7b4f8d88-5adb-4215-aea2-2a4c61de43d2', 'a2143fd0-6c78-4c1d-bb61-4a01de95bcc6', '2022-12-31', 3845.735),
('FRA', '7b4f8d88-5adb-4215-aea2-2a4c61de43d2', 'b56d5c28-8c1f-4f0a-a05f-d158d17a3ad4', '2022-12-31', 3148.46),
('FRA', '7b4f8d88-5adb-4215-aea2-2a4c61de43d2', '5e9f353c-f2bc-44a4-9452-662c65bcd6d9', '2022-12-31', 4858.959),
('FRA', '7b4f8d88-5adb-4215-aea2-2a4c61de43d2', '25ee40ae-abb5-42b6-ab59-637eccb98870', '2022-12-31', 4021.805),
('FRA', '7b4f8d88-5adb-4215-aea2-2a4c61de43d2', '572cd6e1-bad0-4f90-879a-e81b515d1277', '2022-12-31', 3645.032),
('FRA', '7b4f8d88-5adb-4215-aea2-2a4c61de43d2', 'f144ccef-c83e-4ca4-860c-9374c292563b', '2022-12-31', 4227.13),
('FRA', '7b4f8d88-5adb-4215-aea2-2a4c61de43d2', 'd11b0974-0997-4cc6-b784-d7f7b936f6e7', '2022-12-31', 2714.409),
('FRA', '7b4f8d88-5adb-4215-aea2-2a4c61de43d2', 'ee38b58f-7947-4b0b-817d-6017342ba6d4', '2022-12-31', 6484.09),
('FRA', '7b4f8d88-5adb-4215-aea2-2a4c61de43d2', 'fa6d4211-d547-471a-844e-233fe3cae87f', '2022-12-31', 7158.118),
('FRA', '7b4f8d88-5adb-4215-aea2-2a4c61de43d2', '6e3162ed-e666-4d85-aace-596dd64566f9', '2022-12-31', 4273.84),
('FRA', '7b4f8d88-5adb-4215-aea2-2a4c61de43d2', '12b7584e-f390-4edf-8672-d52c8ae7270d', '2022-12-31', 3814.456),
('FRA', '7b4f8d88-5adb-4215-aea2-2a4c61de43d2', '3f61a6da-640a-4865-829c-14b3a8a4c99e', '2022-12-31', 3902.672),
('FRA', '7b4f8d88-5adb-4215-aea2-2a4c61de43d2', '54219f07-470a-40f3-ba8b-2d9acb269833', '2022-12-31', 3713.746),
('FRA', '7b4f8d88-5adb-4215-aea2-2a4c61de43d2', 'a2143fd0-6c78-4c1d-bb61-4a01de95bcc6', '2022-12-31', 3033.881),
('GBR', '7b4f8d88-5adb-4215-aea2-2a4c61de43d2', 'b56d5c28-8c1f-4f0a-a05f-d158d17a3ad4', '2022-12-31', 2304.592),
('GBR', '7b4f8d88-5adb-4215-aea2-2a4c61de43d2', '901f4d82-b417-4555-8014-ef091ac8bf99', '2022-12-31', 4432.058),
('GBR', '7b4f8d88-5adb-4215-aea2-2a4c61de43d2', '5e9f353c-f2bc-44a4-9452-662c65bcd6d9', '2022-12-31', 3142.548),
('GBR', '7b4f8d88-5adb-4215-aea2-2a4c61de43d2', '63fbf2ad-9a1f-4571-a035-f06ecf3f2404', '2022-12-31', 3767.464),
('GBR', '7b4f8d88-5adb-4215-aea2-2a4c61de43d2', 'd531ef3e-fe01-481b-aacf-6278453e1732', '2022-12-31', 3005.834),
('GBR', '7b4f8d88-5adb-4215-aea2-2a4c61de43d2', '25ee40ae-abb5-42b6-ab59-637eccb98870', '2022-12-31', 3362.492),
('GBR', '7b4f8d88-5adb-4215-aea2-2a4c61de43d2', '572cd6e1-bad0-4f90-879a-e81b515d1277', '2022-12-31', 2024.682),
('GBR', '7b4f8d88-5adb-4215-aea2-2a4c61de43d2', 'f144ccef-c83e-4ca4-860c-9374c292563b', '2022-12-31', 2764.173),
('GBR', '7b4f8d88-5adb-4215-aea2-2a4c61de43d2', 'd11b0974-0997-4cc6-b784-d7f7b936f6e7', '2022-12-31', 1413.851),
('GBR', '7b4f8d88-5adb-4215-aea2-2a4c61de43d2', 'ee38b58f-7947-4b0b-817d-6017342ba6d4', '2022-12-31', 4491.738),
('GBR', '7b4f8d88-5adb-4215-aea2-2a4c61de43d2', 'fa6d4211-d547-471a-844e-233fe3cae87f', '2022-12-31', 4390.587),
('GBR', '7b4f8d88-5adb-4215-aea2-2a4c61de43d2', '6e3162ed-e666-4d85-aace-596dd64566f9', '2022-12-31', 2998.939),
('GBR', '7b4f8d88-5adb-4215-aea2-2a4c61de43d2', 'd9684076-9694-4a48-be6e-37cf359f6f57', '2022-12-31', 3797.345),
('GBR', '7b4f8d88-5adb-4215-aea2-2a4c61de43d2', '5171060a-6a98-40c9-b0d1-555aae0cd7a7', '2022-12-31', 2506.707),
('GBR', '7b4f8d88-5adb-4215-aea2-2a4c61de43d2', '12b7584e-f390-4edf-8672-d52c8ae7270d', '2022-12-31', 3180.67),
('GBR', '7b4f8d88-5adb-4215-aea2-2a4c61de43d2', '3f61a6da-640a-4865-829c-14b3a8a4c99e', '2022-12-31', 2484.328),
('GBR', '7b4f8d88-5adb-4215-aea2-2a4c61de43d2', '54219f07-470a-40f3-ba8b-2d9acb269833', '2022-12-31', 2465.259),
('GBR', '7b4f8d88-5adb-4215-aea2-2a4c61de43d2', '3c9b8af9-6674-4d88-b694-992dc807e17b', '2022-12-31', 2237.354),
('GBR', '7b4f8d88-5adb-4215-aea2-2a4c61de43d2', 'a2143fd0-6c78-4c1d-bb61-4a01de95bcc6', '2022-12-31', 2491.447),
('GBR', '7b4f8d88-5adb-4215-aea2-2a4c61de43d2', 'aa7c8bbb-d0f4-4e17-ab04-f6f94eeea0c0', '2022-12-31', 1820.691),
('GBR', '7b4f8d88-5adb-4215-aea2-2a4c61de43d2', 'c29fc4d2-38af-4bc2-9b1a-39d8d5a5e574', '2022-12-31', 4134.816),
('GEO', '7b4f8d88-5adb-4215-aea2-2a4c61de43d2', 'b56d5c28-8c1f-4f0a-a05f-d158d17a3ad4', '2022-12-31', 149.999),
('GEO', '7b4f8d88-5adb-4215-aea2-2a4c61de43d2', '901f4d82-b417-4555-8014-ef091ac8bf99', '2022-12-31', 371.862),
('GEO', '7b4f8d88-5adb-4215-aea2-2a4c61de43d2', '5e9f353c-f2bc-44a4-9452-662c65bcd6d9', '2022-12-31', 223.014),
('GEO', '7b4f8d88-5adb-4215-aea2-2a4c61de43d2', '63fbf2ad-9a1f-4571-a035-f06ecf3f2404', '2022-12-31', 343.189),
('GEO', '7b4f8d88-5adb-4215-aea2-2a4c61de43d2', 'd531ef3e-fe01-481b-aacf-6278453e1732', '2022-12-31', 199.025),
('GEO', '7b4f8d88-5adb-4215-aea2-2a4c61de43d2', '25ee40ae-abb5-42b6-ab59-637eccb98870', '2022-12-31', 300.846),
('GEO', '7b4f8d88-5adb-4215-aea2-2a4c61de43d2', '572cd6e1-bad0-4f90-879a-e81b515d1277', '2022-12-31', 223.223),
('GEO', '7b4f8d88-5adb-4215-aea2-2a4c61de43d2', 'f144ccef-c83e-4ca4-860c-9374c292563b', '2022-12-31', 304.606),
('GEO', '7b4f8d88-5adb-4215-aea2-2a4c61de43d2', 'd11b0974-0997-4cc6-b784-d7f7b936f6e7', '2022-12-31', 252.499),
('GEO', '7b4f8d88-5adb-4215-aea2-2a4c61de43d2', 'ee38b58f-7947-4b0b-817d-6017342ba6d4', '2022-12-31', 377.468),
('GEO', '7b4f8d88-5adb-4215-aea2-2a4c61de43d2', 'fa6d4211-d547-471a-844e-233fe3cae87f', '2022-12-31', 319.074),
('GEO', '7b4f8d88-5adb-4215-aea2-2a4c61de43d2', '6e3162ed-e666-4d85-aace-596dd64566f9', '2022-12-31', 465.27),
('GEO', '7b4f8d88-5adb-4215-aea2-2a4c61de43d2', 'd9684076-9694-4a48-be6e-37cf359f6f57', '2022-12-31', 309.384),
('GEO', '7b4f8d88-5adb-4215-aea2-2a4c61de43d2', '5171060a-6a98-40c9-b0d1-555aae0cd7a7', '2022-12-31', 212.093),
('GEO', '7b4f8d88-5adb-4215-aea2-2a4c61de43d2', '12b7584e-f390-4edf-8672-d52c8ae7270d', '2022-12-31', 331.254),
('GEO', '7b4f8d88-5adb-4215-aea2-2a4c61de43d2', '3f61a6da-640a-4865-829c-14b3a8a4c99e', '2022-12-31', 217.616),
('GEO', '7b4f8d88-5adb-4215-aea2-2a4c61de43d2', '54219f07-470a-40f3-ba8b-2d9acb269833', '2022-12-31', 236.959),
('GEO', '7b4f8d88-5adb-4215-aea2-2a4c61de43d2', '3c9b8af9-6674-4d88-b694-992dc807e17b', '2022-12-31', 219.589);

INSERT INTO public.market_indicator_values (country_code, indicator_type_id, industry_id, last_updated, value) VALUES
('GEO', '7b4f8d88-5adb-4215-aea2-2a4c61de43d2', 'a2143fd0-6c78-4c1d-bb61-4a01de95bcc6', '2022-12-31', 189.389),
('GEO', '7b4f8d88-5adb-4215-aea2-2a4c61de43d2', 'aa7c8bbb-d0f4-4e17-ab04-f6f94eeea0c0', '2022-12-31', 164.142),
('GEO', '7b4f8d88-5adb-4215-aea2-2a4c61de43d2', 'c29fc4d2-38af-4bc2-9b1a-39d8d5a5e574', '2022-12-31', 494.133),
('GHA', '7b4f8d88-5adb-4215-aea2-2a4c61de43d2', 'b56d5c28-8c1f-4f0a-a05f-d158d17a3ad4', '2022-12-31', 154.196),
('GHA', '7b4f8d88-5adb-4215-aea2-2a4c61de43d2', '901f4d82-b417-4555-8014-ef091ac8bf99', '2022-12-31', 421.218),
('GHA', '7b4f8d88-5adb-4215-aea2-2a4c61de43d2', '5e9f353c-f2bc-44a4-9452-662c65bcd6d9', '2022-12-31', 153.307),
('GHA', '7b4f8d88-5adb-4215-aea2-2a4c61de43d2', '63fbf2ad-9a1f-4571-a035-f06ecf3f2404', '2022-12-31', 569.534),
('GHA', '7b4f8d88-5adb-4215-aea2-2a4c61de43d2', 'd531ef3e-fe01-481b-aacf-6278453e1732', '2022-12-31', 173.607),
('GHA', '7b4f8d88-5adb-4215-aea2-2a4c61de43d2', '25ee40ae-abb5-42b6-ab59-637eccb98870', '2022-12-31', 346.881),
('GHA', '7b4f8d88-5adb-4215-aea2-2a4c61de43d2', '572cd6e1-bad0-4f90-879a-e81b515d1277', '2022-12-31', 133.386),
('GHA', '7b4f8d88-5adb-4215-aea2-2a4c61de43d2', 'f144ccef-c83e-4ca4-860c-9374c292563b', '2022-12-31', 203.688),
('GHA', '7b4f8d88-5adb-4215-aea2-2a4c61de43d2', 'd11b0974-0997-4cc6-b784-d7f7b936f6e7', '2022-12-31', 98.477),
('GHA', '7b4f8d88-5adb-4215-aea2-2a4c61de43d2', 'ee38b58f-7947-4b0b-817d-6017342ba6d4', '2022-12-31', 321.931),
('GHA', '7b4f8d88-5adb-4215-aea2-2a4c61de43d2', 'fa6d4211-d547-471a-844e-233fe3cae87f', '2022-12-31', 331.363),
('GHA', '7b4f8d88-5adb-4215-aea2-2a4c61de43d2', '6e3162ed-e666-4d85-aace-596dd64566f9', '2022-12-31', 301.897),
('GHA', '7b4f8d88-5adb-4215-aea2-2a4c61de43d2', 'd9684076-9694-4a48-be6e-37cf359f6f57', '2022-12-31', 431.783),
('GHA', '7b4f8d88-5adb-4215-aea2-2a4c61de43d2', '5171060a-6a98-40c9-b0d1-555aae0cd7a7', '2022-12-31', 178.582),
('GHA', '7b4f8d88-5adb-4215-aea2-2a4c61de43d2', '12b7584e-f390-4edf-8672-d52c8ae7270d', '2022-12-31', 310.825),
('GHA', '7b4f8d88-5adb-4215-aea2-2a4c61de43d2', '3f61a6da-640a-4865-829c-14b3a8a4c99e', '2022-12-31', 182.958),
('GHA', '7b4f8d88-5adb-4215-aea2-2a4c61de43d2', '54219f07-470a-40f3-ba8b-2d9acb269833', '2022-12-31', 239.485),
('GHA', '7b4f8d88-5adb-4215-aea2-2a4c61de43d2', '3c9b8af9-6674-4d88-b694-992dc807e17b', '2022-12-31', 231.753),
('GHA', '7b4f8d88-5adb-4215-aea2-2a4c61de43d2', 'a2143fd0-6c78-4c1d-bb61-4a01de95bcc6', '2022-12-31', 147.706),
('GHA', '7b4f8d88-5adb-4215-aea2-2a4c61de43d2', 'aa7c8bbb-d0f4-4e17-ab04-f6f94eeea0c0', '2022-12-31', 120.901),
('GHA', '7b4f8d88-5adb-4215-aea2-2a4c61de43d2', 'c29fc4d2-38af-4bc2-9b1a-39d8d5a5e574', '2022-12-31', 1027.334),
('GRC', '7b4f8d88-5adb-4215-aea2-2a4c61de43d2', 'b56d5c28-8c1f-4f0a-a05f-d158d17a3ad4', '2022-12-31', 1254.813),
('GRC', '7b4f8d88-5adb-4215-aea2-2a4c61de43d2', '5e9f353c-f2bc-44a4-9452-662c65bcd6d9', '2022-12-31', 1997.55),
('GRC', '7b4f8d88-5adb-4215-aea2-2a4c61de43d2', '25ee40ae-abb5-42b6-ab59-637eccb98870', '2022-12-31', 1915.577),
('GRC', '7b4f8d88-5adb-4215-aea2-2a4c61de43d2', '572cd6e1-bad0-4f90-879a-e81b515d1277', '2022-12-31', 1781.718),
('GRC', '7b4f8d88-5adb-4215-aea2-2a4c61de43d2', 'f144ccef-c83e-4ca4-860c-9374c292563b', '2022-12-31', 2747.037),
('GRC', '7b4f8d88-5adb-4215-aea2-2a4c61de43d2', 'd11b0974-0997-4cc6-b784-d7f7b936f6e7', '2022-12-31', 1562.898),
('GRC', '7b4f8d88-5adb-4215-aea2-2a4c61de43d2', 'ee38b58f-7947-4b0b-817d-6017342ba6d4', '2022-12-31', 2582.24),
('GRC', '7b4f8d88-5adb-4215-aea2-2a4c61de43d2', 'fa6d4211-d547-471a-844e-233fe3cae87f', '2022-12-31', 2830.414),
('GRC', '7b4f8d88-5adb-4215-aea2-2a4c61de43d2', '6e3162ed-e666-4d85-aace-596dd64566f9', '2022-12-31', 1812.41),
('GRC', '7b4f8d88-5adb-4215-aea2-2a4c61de43d2', '12b7584e-f390-4edf-8672-d52c8ae7270d', '2022-12-31', 2140.366),
('GRC', '7b4f8d88-5adb-4215-aea2-2a4c61de43d2', '3f61a6da-640a-4865-829c-14b3a8a4c99e', '2022-12-31', 1985.975),
('GRC', '7b4f8d88-5adb-4215-aea2-2a4c61de43d2', '54219f07-470a-40f3-ba8b-2d9acb269833', '2022-12-31', 1971.584),
('GRC', '7b4f8d88-5adb-4215-aea2-2a4c61de43d2', 'a2143fd0-6c78-4c1d-bb61-4a01de95bcc6', '2022-12-31', 1563.636),
('GTM', '7b4f8d88-5adb-4215-aea2-2a4c61de43d2', 'b56d5c28-8c1f-4f0a-a05f-d158d17a3ad4', '2022-12-31', 216.285),
('GTM', '7b4f8d88-5adb-4215-aea2-2a4c61de43d2', '901f4d82-b417-4555-8014-ef091ac8bf99', '2022-12-31', 433.965),
('GTM', '7b4f8d88-5adb-4215-aea2-2a4c61de43d2', '5e9f353c-f2bc-44a4-9452-662c65bcd6d9', '2022-12-31', 420.662),
('GTM', '7b4f8d88-5adb-4215-aea2-2a4c61de43d2', '63fbf2ad-9a1f-4571-a035-f06ecf3f2404', '2022-12-31', 879.523),
('GTM', '7b4f8d88-5adb-4215-aea2-2a4c61de43d2', 'd531ef3e-fe01-481b-aacf-6278453e1732', '2022-12-31', 318.757),
('GTM', '7b4f8d88-5adb-4215-aea2-2a4c61de43d2', '25ee40ae-abb5-42b6-ab59-637eccb98870', '2022-12-31', 315.638),
('GTM', '7b4f8d88-5adb-4215-aea2-2a4c61de43d2', '572cd6e1-bad0-4f90-879a-e81b515d1277', '2022-12-31', 390.436),
('GTM', '7b4f8d88-5adb-4215-aea2-2a4c61de43d2', 'f144ccef-c83e-4ca4-860c-9374c292563b', '2022-12-31', 467.62),
('GTM', '7b4f8d88-5adb-4215-aea2-2a4c61de43d2', 'd11b0974-0997-4cc6-b784-d7f7b936f6e7', '2022-12-31', 319.881),
('GTM', '7b4f8d88-5adb-4215-aea2-2a4c61de43d2', 'ee38b58f-7947-4b0b-817d-6017342ba6d4', '2022-12-31', 677.311),
('GTM', '7b4f8d88-5adb-4215-aea2-2a4c61de43d2', 'fa6d4211-d547-471a-844e-233fe3cae87f', '2022-12-31', 656.103),
('GTM', '7b4f8d88-5adb-4215-aea2-2a4c61de43d2', '6e3162ed-e666-4d85-aace-596dd64566f9', '2022-12-31', 463.584),
('GTM', '7b4f8d88-5adb-4215-aea2-2a4c61de43d2', 'd9684076-9694-4a48-be6e-37cf359f6f57', '2022-12-31', 619.693),
('GTM', '7b4f8d88-5adb-4215-aea2-2a4c61de43d2', '5171060a-6a98-40c9-b0d1-555aae0cd7a7', '2022-12-31', 524.939),
('GTM', '7b4f8d88-5adb-4215-aea2-2a4c61de43d2', '12b7584e-f390-4edf-8672-d52c8ae7270d', '2022-12-31', 713.948),
('GTM', '7b4f8d88-5adb-4215-aea2-2a4c61de43d2', '3f61a6da-640a-4865-829c-14b3a8a4c99e', '2022-12-31', 658.326),
('GTM', '7b4f8d88-5adb-4215-aea2-2a4c61de43d2', '54219f07-470a-40f3-ba8b-2d9acb269833', '2022-12-31', 584.816),
('GTM', '7b4f8d88-5adb-4215-aea2-2a4c61de43d2', '3c9b8af9-6674-4d88-b694-992dc807e17b', '2022-12-31', 346.898),
('GTM', '7b4f8d88-5adb-4215-aea2-2a4c61de43d2', 'a2143fd0-6c78-4c1d-bb61-4a01de95bcc6', '2022-12-31', 423.814),
('GTM', '7b4f8d88-5adb-4215-aea2-2a4c61de43d2', 'aa7c8bbb-d0f4-4e17-ab04-f6f94eeea0c0', '2022-12-31', 161.836),
('HND', '7b4f8d88-5adb-4215-aea2-2a4c61de43d2', 'b56d5c28-8c1f-4f0a-a05f-d158d17a3ad4', '2022-12-31', 221.268),
('HND', '7b4f8d88-5adb-4215-aea2-2a4c61de43d2', '901f4d82-b417-4555-8014-ef091ac8bf99', '2022-12-31', 708.981),
('HND', '7b4f8d88-5adb-4215-aea2-2a4c61de43d2', '5e9f353c-f2bc-44a4-9452-662c65bcd6d9', '2022-12-31', 445.677),
('HND', '7b4f8d88-5adb-4215-aea2-2a4c61de43d2', '63fbf2ad-9a1f-4571-a035-f06ecf3f2404', '2022-12-31', 700.154),
('HND', '7b4f8d88-5adb-4215-aea2-2a4c61de43d2', 'd531ef3e-fe01-481b-aacf-6278453e1732', '2022-12-31', 492.448),
('HND', '7b4f8d88-5adb-4215-aea2-2a4c61de43d2', '25ee40ae-abb5-42b6-ab59-637eccb98870', '2022-12-31', 334.985),
('HND', '7b4f8d88-5adb-4215-aea2-2a4c61de43d2', '572cd6e1-bad0-4f90-879a-e81b515d1277', '2022-12-31', 393.212),
('HND', '7b4f8d88-5adb-4215-aea2-2a4c61de43d2', 'f144ccef-c83e-4ca4-860c-9374c292563b', '2022-12-31', 389.336),
('HND', '7b4f8d88-5adb-4215-aea2-2a4c61de43d2', 'd11b0974-0997-4cc6-b784-d7f7b936f6e7', '2022-12-31', 347.308),
('HND', '7b4f8d88-5adb-4215-aea2-2a4c61de43d2', 'ee38b58f-7947-4b0b-817d-6017342ba6d4', '2022-12-31', 650.429),
('HND', '7b4f8d88-5adb-4215-aea2-2a4c61de43d2', 'fa6d4211-d547-471a-844e-233fe3cae87f', '2022-12-31', 682.424),
('HND', '7b4f8d88-5adb-4215-aea2-2a4c61de43d2', '6e3162ed-e666-4d85-aace-596dd64566f9', '2022-12-31', 408.813),
('HND', '7b4f8d88-5adb-4215-aea2-2a4c61de43d2', 'd9684076-9694-4a48-be6e-37cf359f6f57', '2022-12-31', 466.696),
('HND', '7b4f8d88-5adb-4215-aea2-2a4c61de43d2', '5171060a-6a98-40c9-b0d1-555aae0cd7a7', '2022-12-31', 420.298),
('HND', '7b4f8d88-5adb-4215-aea2-2a4c61de43d2', '12b7584e-f390-4edf-8672-d52c8ae7270d', '2022-12-31', 659.032),
('HND', '7b4f8d88-5adb-4215-aea2-2a4c61de43d2', '3f61a6da-640a-4865-829c-14b3a8a4c99e', '2022-12-31', 644.763),
('HND', '7b4f8d88-5adb-4215-aea2-2a4c61de43d2', '54219f07-470a-40f3-ba8b-2d9acb269833', '2022-12-31', 532.361),
('HND', '7b4f8d88-5adb-4215-aea2-2a4c61de43d2', '3c9b8af9-6674-4d88-b694-992dc807e17b', '2022-12-31', 502.233),
('HND', '7b4f8d88-5adb-4215-aea2-2a4c61de43d2', 'a2143fd0-6c78-4c1d-bb61-4a01de95bcc6', '2022-12-31', 233.012),
('HND', '7b4f8d88-5adb-4215-aea2-2a4c61de43d2', 'aa7c8bbb-d0f4-4e17-ab04-f6f94eeea0c0', '2022-12-31', 189.966),
('HND', '7b4f8d88-5adb-4215-aea2-2a4c61de43d2', 'c29fc4d2-38af-4bc2-9b1a-39d8d5a5e574', '2022-12-31', 453.746),
('HRV', '7b4f8d88-5adb-4215-aea2-2a4c61de43d2', 'b56d5c28-8c1f-4f0a-a05f-d158d17a3ad4', '2022-12-31', 1444.109),
('HRV', '7b4f8d88-5adb-4215-aea2-2a4c61de43d2', '5e9f353c-f2bc-44a4-9452-662c65bcd6d9', '2022-12-31', 1675.854),
('HRV', '7b4f8d88-5adb-4215-aea2-2a4c61de43d2', '25ee40ae-abb5-42b6-ab59-637eccb98870', '2022-12-31', 1911.912),
('HRV', '7b4f8d88-5adb-4215-aea2-2a4c61de43d2', '572cd6e1-bad0-4f90-879a-e81b515d1277', '2022-12-31', 1528.255),
('HRV', '7b4f8d88-5adb-4215-aea2-2a4c61de43d2', 'f144ccef-c83e-4ca4-860c-9374c292563b', '2022-12-31', 2044.474),
('HRV', '7b4f8d88-5adb-4215-aea2-2a4c61de43d2', 'd11b0974-0997-4cc6-b784-d7f7b936f6e7', '2022-12-31', 1383.615),
('HRV', '7b4f8d88-5adb-4215-aea2-2a4c61de43d2', 'ee38b58f-7947-4b0b-817d-6017342ba6d4', '2022-12-31', 2460.805),
('HRV', '7b4f8d88-5adb-4215-aea2-2a4c61de43d2', 'fa6d4211-d547-471a-844e-233fe3cae87f', '2022-12-31', 2326.113),
('HRV', '7b4f8d88-5adb-4215-aea2-2a4c61de43d2', '6e3162ed-e666-4d85-aace-596dd64566f9', '2022-12-31', 1823.519),
('HRV', '7b4f8d88-5adb-4215-aea2-2a4c61de43d2', '12b7584e-f390-4edf-8672-d52c8ae7270d', '2022-12-31', 2133.545),
('HRV', '7b4f8d88-5adb-4215-aea2-2a4c61de43d2', '3f61a6da-640a-4865-829c-14b3a8a4c99e', '2022-12-31', 1748.12),
('HRV', '7b4f8d88-5adb-4215-aea2-2a4c61de43d2', '54219f07-470a-40f3-ba8b-2d9acb269833', '2022-12-31', 1770.594),
('HRV', '7b4f8d88-5adb-4215-aea2-2a4c61de43d2', 'a2143fd0-6c78-4c1d-bb61-4a01de95bcc6', '2022-12-31', 1487.899),
('HUN', '7b4f8d88-5adb-4215-aea2-2a4c61de43d2', 'b56d5c28-8c1f-4f0a-a05f-d158d17a3ad4', '2022-12-31', 880.2),
('HUN', '7b4f8d88-5adb-4215-aea2-2a4c61de43d2', '5e9f353c-f2bc-44a4-9452-662c65bcd6d9', '2022-12-31', 1032.105),
('HUN', '7b4f8d88-5adb-4215-aea2-2a4c61de43d2', '25ee40ae-abb5-42b6-ab59-637eccb98870', '2022-12-31', 985.3),
('HUN', '7b4f8d88-5adb-4215-aea2-2a4c61de43d2', '572cd6e1-bad0-4f90-879a-e81b515d1277', '2022-12-31', 929.829),
('HUN', '7b4f8d88-5adb-4215-aea2-2a4c61de43d2', 'f144ccef-c83e-4ca4-860c-9374c292563b', '2022-12-31', 1154.0),
('HUN', '7b4f8d88-5adb-4215-aea2-2a4c61de43d2', 'd11b0974-0997-4cc6-b784-d7f7b936f6e7', '2022-12-31', 848.99),
('HUN', '7b4f8d88-5adb-4215-aea2-2a4c61de43d2', 'ee38b58f-7947-4b0b-817d-6017342ba6d4', '2022-12-31', 1593.604),
('HUN', '7b4f8d88-5adb-4215-aea2-2a4c61de43d2', 'fa6d4211-d547-471a-844e-233fe3cae87f', '2022-12-31', 1616.883),
('HUN', '7b4f8d88-5adb-4215-aea2-2a4c61de43d2', '6e3162ed-e666-4d85-aace-596dd64566f9', '2022-12-31', 1174.714),
('HUN', '7b4f8d88-5adb-4215-aea2-2a4c61de43d2', '12b7584e-f390-4edf-8672-d52c8ae7270d', '2022-12-31', 1010.933),
('HUN', '7b4f8d88-5adb-4215-aea2-2a4c61de43d2', '3f61a6da-640a-4865-829c-14b3a8a4c99e', '2022-12-31', 992.744),
('HUN', '7b4f8d88-5adb-4215-aea2-2a4c61de43d2', '54219f07-470a-40f3-ba8b-2d9acb269833', '2022-12-31', 985.255),
('HUN', '7b4f8d88-5adb-4215-aea2-2a4c61de43d2', 'a2143fd0-6c78-4c1d-bb61-4a01de95bcc6', '2022-12-31', 876.433),
('IND', '7b4f8d88-5adb-4215-aea2-2a4c61de43d2', 'b56d5c28-8c1f-4f0a-a05f-d158d17a3ad4', '2022-12-31', 123.4),
('IND', '7b4f8d88-5adb-4215-aea2-2a4c61de43d2', '901f4d82-b417-4555-8014-ef091ac8bf99', '2022-12-31', 304.747),
('IND', '7b4f8d88-5adb-4215-aea2-2a4c61de43d2', '5e9f353c-f2bc-44a4-9452-662c65bcd6d9', '2022-12-31', 193.799),
('IND', '7b4f8d88-5adb-4215-aea2-2a4c61de43d2', '63fbf2ad-9a1f-4571-a035-f06ecf3f2404', '2022-12-31', 333.664),
('IND', '7b4f8d88-5adb-4215-aea2-2a4c61de43d2', 'd531ef3e-fe01-481b-aacf-6278453e1732', '2022-12-31', 209.3),
('IND', '7b4f8d88-5adb-4215-aea2-2a4c61de43d2', '25ee40ae-abb5-42b6-ab59-637eccb98870', '2022-12-31', 146.32),
('IND', '7b4f8d88-5adb-4215-aea2-2a4c61de43d2', '572cd6e1-bad0-4f90-879a-e81b515d1277', '2022-12-31', 157.793),
('IND', '7b4f8d88-5adb-4215-aea2-2a4c61de43d2', 'f144ccef-c83e-4ca4-860c-9374c292563b', '2022-12-31', 229.192),
('IND', '7b4f8d88-5adb-4215-aea2-2a4c61de43d2', 'd11b0974-0997-4cc6-b784-d7f7b936f6e7', '2022-12-31', 160.12),
('IND', '7b4f8d88-5adb-4215-aea2-2a4c61de43d2', 'ee38b58f-7947-4b0b-817d-6017342ba6d4', '2022-12-31', 519.204),
('IND', '7b4f8d88-5adb-4215-aea2-2a4c61de43d2', 'fa6d4211-d547-471a-844e-233fe3cae87f', '2022-12-31', 365.853),
('IND', '7b4f8d88-5adb-4215-aea2-2a4c61de43d2', '6e3162ed-e666-4d85-aace-596dd64566f9', '2022-12-31', 221.595),
('IND', '7b4f8d88-5adb-4215-aea2-2a4c61de43d2', 'd9684076-9694-4a48-be6e-37cf359f6f57', '2022-12-31', 362.658),
('IND', '7b4f8d88-5adb-4215-aea2-2a4c61de43d2', '5171060a-6a98-40c9-b0d1-555aae0cd7a7', '2022-12-31', 224.601),
('IND', '7b4f8d88-5adb-4215-aea2-2a4c61de43d2', '12b7584e-f390-4edf-8672-d52c8ae7270d', '2022-12-31', 377.247),
('IND', '7b4f8d88-5adb-4215-aea2-2a4c61de43d2', '3f61a6da-640a-4865-829c-14b3a8a4c99e', '2022-12-31', 324.16),
('IND', '7b4f8d88-5adb-4215-aea2-2a4c61de43d2', '54219f07-470a-40f3-ba8b-2d9acb269833', '2022-12-31', 222.148),
('IND', '7b4f8d88-5adb-4215-aea2-2a4c61de43d2', '3c9b8af9-6674-4d88-b694-992dc807e17b', '2022-12-31', 174.341),
('IND', '7b4f8d88-5adb-4215-aea2-2a4c61de43d2', 'a2143fd0-6c78-4c1d-bb61-4a01de95bcc6', '2022-12-31', 117.391),
('IND', '7b4f8d88-5adb-4215-aea2-2a4c61de43d2', 'aa7c8bbb-d0f4-4e17-ab04-f6f94eeea0c0', '2022-12-31', 85.7),
('IRL', '7b4f8d88-5adb-4215-aea2-2a4c61de43d2', 'b56d5c28-8c1f-4f0a-a05f-d158d17a3ad4', '2022-12-31', 2265.923),
('IRL', '7b4f8d88-5adb-4215-aea2-2a4c61de43d2', '5e9f353c-f2bc-44a4-9452-662c65bcd6d9', '2022-12-31', 5803.939),
('IRL', '7b4f8d88-5adb-4215-aea2-2a4c61de43d2', '25ee40ae-abb5-42b6-ab59-637eccb98870', '2022-12-31', 4046.432),
('IRL', '7b4f8d88-5adb-4215-aea2-2a4c61de43d2', '572cd6e1-bad0-4f90-879a-e81b515d1277', '2022-12-31', 3063.89),
('IRL', '7b4f8d88-5adb-4215-aea2-2a4c61de43d2', 'f144ccef-c83e-4ca4-860c-9374c292563b', '2022-12-31', 3749.219),
('IRL', '7b4f8d88-5adb-4215-aea2-2a4c61de43d2', 'd11b0974-0997-4cc6-b784-d7f7b936f6e7', '2022-12-31', 1860.376),
('IRL', '7b4f8d88-5adb-4215-aea2-2a4c61de43d2', 'ee38b58f-7947-4b0b-817d-6017342ba6d4', '2022-12-31', 7688.984),
('IRL', '7b4f8d88-5adb-4215-aea2-2a4c61de43d2', 'fa6d4211-d547-471a-844e-233fe3cae87f', '2022-12-31', 7334.528),
('IRL', '7b4f8d88-5adb-4215-aea2-2a4c61de43d2', '6e3162ed-e666-4d85-aace-596dd64566f9', '2022-12-31', 4741.579),
('IRL', '7b4f8d88-5adb-4215-aea2-2a4c61de43d2', '12b7584e-f390-4edf-8672-d52c8ae7270d', '2022-12-31', 4799.182),
('IRL', '7b4f8d88-5adb-4215-aea2-2a4c61de43d2', '3f61a6da-640a-4865-829c-14b3a8a4c99e', '2022-12-31', 4313.996),
('IRL', '7b4f8d88-5adb-4215-aea2-2a4c61de43d2', '54219f07-470a-40f3-ba8b-2d9acb269833', '2022-12-31', 4403.543),
('IRL', '7b4f8d88-5adb-4215-aea2-2a4c61de43d2', 'a2143fd0-6c78-4c1d-bb61-4a01de95bcc6', '2022-12-31', 3074.172),
('ITA', '7b4f8d88-5adb-4215-aea2-2a4c61de43d2', 'b56d5c28-8c1f-4f0a-a05f-d158d17a3ad4', '2022-12-31', 2101.703),
('ITA', '7b4f8d88-5adb-4215-aea2-2a4c61de43d2', '5e9f353c-f2bc-44a4-9452-662c65bcd6d9', '2022-12-31', 3813.316),
('ITA', '7b4f8d88-5adb-4215-aea2-2a4c61de43d2', '25ee40ae-abb5-42b6-ab59-637eccb98870', '2022-12-31', 2784.037),
('ITA', '7b4f8d88-5adb-4215-aea2-2a4c61de43d2', '572cd6e1-bad0-4f90-879a-e81b515d1277', '2022-12-31', 2865.478),
('ITA', '7b4f8d88-5adb-4215-aea2-2a4c61de43d2', 'f144ccef-c83e-4ca4-860c-9374c292563b', '2022-12-31', 3521.34),
('ITA', '7b4f8d88-5adb-4215-aea2-2a4c61de43d2', 'd11b0974-0997-4cc6-b784-d7f7b936f6e7', '2022-12-31', 1679.191),
('ITA', '7b4f8d88-5adb-4215-aea2-2a4c61de43d2', 'ee38b58f-7947-4b0b-817d-6017342ba6d4', '2022-12-31', 4698.981),
('ITA', '7b4f8d88-5adb-4215-aea2-2a4c61de43d2', 'fa6d4211-d547-471a-844e-233fe3cae87f', '2022-12-31', 5233.818),
('ITA', '7b4f8d88-5adb-4215-aea2-2a4c61de43d2', '6e3162ed-e666-4d85-aace-596dd64566f9', '2022-12-31', 3005.909),
('ITA', '7b4f8d88-5adb-4215-aea2-2a4c61de43d2', '12b7584e-f390-4edf-8672-d52c8ae7270d', '2022-12-31', 4239.377),
('ITA', '7b4f8d88-5adb-4215-aea2-2a4c61de43d2', '3f61a6da-640a-4865-829c-14b3a8a4c99e', '2022-12-31', 3055.015),
('ITA', '7b4f8d88-5adb-4215-aea2-2a4c61de43d2', '54219f07-470a-40f3-ba8b-2d9acb269833', '2022-12-31', 3313.431),
('ITA', '7b4f8d88-5adb-4215-aea2-2a4c61de43d2', 'a2143fd0-6c78-4c1d-bb61-4a01de95bcc6', '2022-12-31', 2092.054),
('JOR', '7b4f8d88-5adb-4215-aea2-2a4c61de43d2', 'b56d5c28-8c1f-4f0a-a05f-d158d17a3ad4', '2022-12-31', 374.736),
('JOR', '7b4f8d88-5adb-4215-aea2-2a4c61de43d2', '901f4d82-b417-4555-8014-ef091ac8bf99', '2022-12-31', 692.214),
('JOR', '7b4f8d88-5adb-4215-aea2-2a4c61de43d2', '5e9f353c-f2bc-44a4-9452-662c65bcd6d9', '2022-12-31', 463.393),
('JOR', '7b4f8d88-5adb-4215-aea2-2a4c61de43d2', '63fbf2ad-9a1f-4571-a035-f06ecf3f2404', '2022-12-31', 639.183),
('JOR', '7b4f8d88-5adb-4215-aea2-2a4c61de43d2', 'd531ef3e-fe01-481b-aacf-6278453e1732', '2022-12-31', 474.048),
('JOR', '7b4f8d88-5adb-4215-aea2-2a4c61de43d2', '25ee40ae-abb5-42b6-ab59-637eccb98870', '2022-12-31', 464.264),
('JOR', '7b4f8d88-5adb-4215-aea2-2a4c61de43d2', '572cd6e1-bad0-4f90-879a-e81b515d1277', '2022-12-31', 415.118),
('JOR', '7b4f8d88-5adb-4215-aea2-2a4c61de43d2', 'f144ccef-c83e-4ca4-860c-9374c292563b', '2022-12-31', 518.945),
('JOR', '7b4f8d88-5adb-4215-aea2-2a4c61de43d2', 'd11b0974-0997-4cc6-b784-d7f7b936f6e7', '2022-12-31', 428.583),
('JOR', '7b4f8d88-5adb-4215-aea2-2a4c61de43d2', 'ee38b58f-7947-4b0b-817d-6017342ba6d4', '2022-12-31', 648.989),
('JOR', '7b4f8d88-5adb-4215-aea2-2a4c61de43d2', 'fa6d4211-d547-471a-844e-233fe3cae87f', '2022-12-31', 656.249),
('JOR', '7b4f8d88-5adb-4215-aea2-2a4c61de43d2', '6e3162ed-e666-4d85-aace-596dd64566f9', '2022-12-31', 547.752),
('JOR', '7b4f8d88-5adb-4215-aea2-2a4c61de43d2', 'd9684076-9694-4a48-be6e-37cf359f6f57', '2022-12-31', 674.438),
('JOR', '7b4f8d88-5adb-4215-aea2-2a4c61de43d2', '5171060a-6a98-40c9-b0d1-555aae0cd7a7', '2022-12-31', 388.069),
('JOR', '7b4f8d88-5adb-4215-aea2-2a4c61de43d2', '12b7584e-f390-4edf-8672-d52c8ae7270d', '2022-12-31', 596.859),
('JOR', '7b4f8d88-5adb-4215-aea2-2a4c61de43d2', '3f61a6da-640a-4865-829c-14b3a8a4c99e', '2022-12-31', 634.964),
('JOR', '7b4f8d88-5adb-4215-aea2-2a4c61de43d2', '54219f07-470a-40f3-ba8b-2d9acb269833', '2022-12-31', 629.26),
('JOR', '7b4f8d88-5adb-4215-aea2-2a4c61de43d2', '3c9b8af9-6674-4d88-b694-992dc807e17b', '2022-12-31', 468.37),
('JOR', '7b4f8d88-5adb-4215-aea2-2a4c61de43d2', 'a2143fd0-6c78-4c1d-bb61-4a01de95bcc6', '2022-12-31', 392.278),
('JOR', '7b4f8d88-5adb-4215-aea2-2a4c61de43d2', 'aa7c8bbb-d0f4-4e17-ab04-f6f94eeea0c0', '2022-12-31', 348.154),
('JOR', '7b4f8d88-5adb-4215-aea2-2a4c61de43d2', 'c29fc4d2-38af-4bc2-9b1a-39d8d5a5e574', '2022-12-31', 468.952),
('LTU', '7b4f8d88-5adb-4215-aea2-2a4c61de43d2', 'b56d5c28-8c1f-4f0a-a05f-d158d17a3ad4', '2022-12-31', 1254.342),
('LTU', '7b4f8d88-5adb-4215-aea2-2a4c61de43d2', '5e9f353c-f2bc-44a4-9452-662c65bcd6d9', '2022-12-31', 1459.285),
('LTU', '7b4f8d88-5adb-4215-aea2-2a4c61de43d2', '25ee40ae-abb5-42b6-ab59-637eccb98870', '2022-12-31', 1487.085),
('LTU', '7b4f8d88-5adb-4215-aea2-2a4c61de43d2', '572cd6e1-bad0-4f90-879a-e81b515d1277', '2022-12-31', 1502.243),
('LTU', '7b4f8d88-5adb-4215-aea2-2a4c61de43d2', 'f144ccef-c83e-4ca4-860c-9374c292563b', '2022-12-31', 1578.763),
('LTU', '7b4f8d88-5adb-4215-aea2-2a4c61de43d2', 'd11b0974-0997-4cc6-b784-d7f7b936f6e7', '2022-12-31', 799.261),
('LTU', '7b4f8d88-5adb-4215-aea2-2a4c61de43d2', 'ee38b58f-7947-4b0b-817d-6017342ba6d4', '2022-12-31', 3783.297),
('LTU', '7b4f8d88-5adb-4215-aea2-2a4c61de43d2', 'fa6d4211-d547-471a-844e-233fe3cae87f', '2022-12-31', 2750.323),
('LTU', '7b4f8d88-5adb-4215-aea2-2a4c61de43d2', '6e3162ed-e666-4d85-aace-596dd64566f9', '2022-12-31', 1806.174),
('LTU', '7b4f8d88-5adb-4215-aea2-2a4c61de43d2', '12b7584e-f390-4edf-8672-d52c8ae7270d', '2022-12-31', 1924.762),
('LTU', '7b4f8d88-5adb-4215-aea2-2a4c61de43d2', '3f61a6da-640a-4865-829c-14b3a8a4c99e', '2022-12-31', 1641.515),
('LTU', '7b4f8d88-5adb-4215-aea2-2a4c61de43d2', '54219f07-470a-40f3-ba8b-2d9acb269833', '2022-12-31', 1807.212),
('LTU', '7b4f8d88-5adb-4215-aea2-2a4c61de43d2', 'a2143fd0-6c78-4c1d-bb61-4a01de95bcc6', '2022-12-31', 1278.662),
('LUX', '7b4f8d88-5adb-4215-aea2-2a4c61de43d2', 'b56d5c28-8c1f-4f0a-a05f-d158d17a3ad4', '2022-12-31', 4007.892),
('LUX', '7b4f8d88-5adb-4215-aea2-2a4c61de43d2', '5e9f353c-f2bc-44a4-9452-662c65bcd6d9', '2022-12-31', 6808.174),
('LUX', '7b4f8d88-5adb-4215-aea2-2a4c61de43d2', '25ee40ae-abb5-42b6-ab59-637eccb98870', '2022-12-31', 4557.402),
('LUX', '7b4f8d88-5adb-4215-aea2-2a4c61de43d2', '572cd6e1-bad0-4f90-879a-e81b515d1277', '2022-12-31', 4952.384),
('LUX', '7b4f8d88-5adb-4215-aea2-2a4c61de43d2', 'f144ccef-c83e-4ca4-860c-9374c292563b', '2022-12-31', 7097.4),
('LUX', '7b4f8d88-5adb-4215-aea2-2a4c61de43d2', 'd11b0974-0997-4cc6-b784-d7f7b936f6e7', '2022-12-31', 4295.291),
('LUX', '7b4f8d88-5adb-4215-aea2-2a4c61de43d2', 'ee38b58f-7947-4b0b-817d-6017342ba6d4', '2022-12-31', 8366.017),
('LUX', '7b4f8d88-5adb-4215-aea2-2a4c61de43d2', 'fa6d4211-d547-471a-844e-233fe3cae87f', '2022-12-31', 9460.042),
('LUX', '7b4f8d88-5adb-4215-aea2-2a4c61de43d2', '6e3162ed-e666-4d85-aace-596dd64566f9', '2022-12-31', 7397.677),
('LUX', '7b4f8d88-5adb-4215-aea2-2a4c61de43d2', '12b7584e-f390-4edf-8672-d52c8ae7270d', '2022-12-31', 8432.044),
('LUX', '7b4f8d88-5adb-4215-aea2-2a4c61de43d2', '3f61a6da-640a-4865-829c-14b3a8a4c99e', '2022-12-31', 9361.148),
('LUX', '7b4f8d88-5adb-4215-aea2-2a4c61de43d2', '54219f07-470a-40f3-ba8b-2d9acb269833', '2022-12-31', 5976.831),
('LUX', '7b4f8d88-5adb-4215-aea2-2a4c61de43d2', 'a2143fd0-6c78-4c1d-bb61-4a01de95bcc6', '2022-12-31', 9378.439),
('LVA', '7b4f8d88-5adb-4215-aea2-2a4c61de43d2', 'b56d5c28-8c1f-4f0a-a05f-d158d17a3ad4', '2022-12-31', 1418.289),
('LVA', '7b4f8d88-5adb-4215-aea2-2a4c61de43d2', '5e9f353c-f2bc-44a4-9452-662c65bcd6d9', '2022-12-31', 1595.103),
('LVA', '7b4f8d88-5adb-4215-aea2-2a4c61de43d2', '25ee40ae-abb5-42b6-ab59-637eccb98870', '2022-12-31', 1590.508),
('LVA', '7b4f8d88-5adb-4215-aea2-2a4c61de43d2', '572cd6e1-bad0-4f90-879a-e81b515d1277', '2022-12-31', 1468.074),
('LVA', '7b4f8d88-5adb-4215-aea2-2a4c61de43d2', 'f144ccef-c83e-4ca4-860c-9374c292563b', '2022-12-31', 1979.77),
('LVA', '7b4f8d88-5adb-4215-aea2-2a4c61de43d2', 'd11b0974-0997-4cc6-b784-d7f7b936f6e7', '2022-12-31', 1103.555),
('LVA', '7b4f8d88-5adb-4215-aea2-2a4c61de43d2', 'ee38b58f-7947-4b0b-817d-6017342ba6d4', '2022-12-31', 2649.162),
('LVA', '7b4f8d88-5adb-4215-aea2-2a4c61de43d2', 'fa6d4211-d547-471a-844e-233fe3cae87f', '2022-12-31', 3361.519),
('LVA', '7b4f8d88-5adb-4215-aea2-2a4c61de43d2', '6e3162ed-e666-4d85-aace-596dd64566f9', '2022-12-31', 1750.417),
('LVA', '7b4f8d88-5adb-4215-aea2-2a4c61de43d2', '12b7584e-f390-4edf-8672-d52c8ae7270d', '2022-12-31', 1954.682),
('LVA', '7b4f8d88-5adb-4215-aea2-2a4c61de43d2', '3f61a6da-640a-4865-829c-14b3a8a4c99e', '2022-12-31', 1418.981),
('LVA', '7b4f8d88-5adb-4215-aea2-2a4c61de43d2', '54219f07-470a-40f3-ba8b-2d9acb269833', '2022-12-31', 1730.301),
('LVA', '7b4f8d88-5adb-4215-aea2-2a4c61de43d2', 'a2143fd0-6c78-4c1d-bb61-4a01de95bcc6', '2022-12-31', 1447.363),
('MDA', '7b4f8d88-5adb-4215-aea2-2a4c61de43d2', 'b56d5c28-8c1f-4f0a-a05f-d158d17a3ad4', '2022-12-31', 216.473),
('MDA', '7b4f8d88-5adb-4215-aea2-2a4c61de43d2', '901f4d82-b417-4555-8014-ef091ac8bf99', '2022-12-31', 288.279),
('MDA', '7b4f8d88-5adb-4215-aea2-2a4c61de43d2', '5e9f353c-f2bc-44a4-9452-662c65bcd6d9', '2022-12-31', 295.83),
('MDA', '7b4f8d88-5adb-4215-aea2-2a4c61de43d2', '63fbf2ad-9a1f-4571-a035-f06ecf3f2404', '2022-12-31', 342.587),
('MDA', '7b4f8d88-5adb-4215-aea2-2a4c61de43d2', 'd531ef3e-fe01-481b-aacf-6278453e1732', '2022-12-31', 254.068),
('MDA', '7b4f8d88-5adb-4215-aea2-2a4c61de43d2', '25ee40ae-abb5-42b6-ab59-637eccb98870', '2022-12-31', 361.044),
('MDA', '7b4f8d88-5adb-4215-aea2-2a4c61de43d2', '572cd6e1-bad0-4f90-879a-e81b515d1277', '2022-12-31', 286.599),
('MDA', '7b4f8d88-5adb-4215-aea2-2a4c61de43d2', 'f144ccef-c83e-4ca4-860c-9374c292563b', '2022-12-31', 291.908),
('MDA', '7b4f8d88-5adb-4215-aea2-2a4c61de43d2', 'd11b0974-0997-4cc6-b784-d7f7b936f6e7', '2022-12-31', 248.161),
('MDA', '7b4f8d88-5adb-4215-aea2-2a4c61de43d2', 'ee38b58f-7947-4b0b-817d-6017342ba6d4', '2022-12-31', 556.88),
('MDA', '7b4f8d88-5adb-4215-aea2-2a4c61de43d2', 'fa6d4211-d547-471a-844e-233fe3cae87f', '2022-12-31', 405.356),
('MDA', '7b4f8d88-5adb-4215-aea2-2a4c61de43d2', '6e3162ed-e666-4d85-aace-596dd64566f9', '2022-12-31', 220.386),
('MDA', '7b4f8d88-5adb-4215-aea2-2a4c61de43d2', 'd9684076-9694-4a48-be6e-37cf359f6f57', '2022-12-31', 428.158),
('MDA', '7b4f8d88-5adb-4215-aea2-2a4c61de43d2', '5171060a-6a98-40c9-b0d1-555aae0cd7a7', '2022-12-31', 287.385),
('MDA', '7b4f8d88-5adb-4215-aea2-2a4c61de43d2', '12b7584e-f390-4edf-8672-d52c8ae7270d', '2022-12-31', 347.74),
('MDA', '7b4f8d88-5adb-4215-aea2-2a4c61de43d2', '3f61a6da-640a-4865-829c-14b3a8a4c99e', '2022-12-31', 258.779),
('MDA', '7b4f8d88-5adb-4215-aea2-2a4c61de43d2', '54219f07-470a-40f3-ba8b-2d9acb269833', '2022-12-31', 298.117),
('MDA', '7b4f8d88-5adb-4215-aea2-2a4c61de43d2', '3c9b8af9-6674-4d88-b694-992dc807e17b', '2022-12-31', 219.603),
('MDA', '7b4f8d88-5adb-4215-aea2-2a4c61de43d2', 'a2143fd0-6c78-4c1d-bb61-4a01de95bcc6', '2022-12-31', 292.007),
('MDA', '7b4f8d88-5adb-4215-aea2-2a4c61de43d2', 'aa7c8bbb-d0f4-4e17-ab04-f6f94eeea0c0', '2022-12-31', 182.863),
('MEX', '7b4f8d88-5adb-4215-aea2-2a4c61de43d2', 'b56d5c28-8c1f-4f0a-a05f-d158d17a3ad4', '2022-12-31', 272.136),
('MEX', '7b4f8d88-5adb-4215-aea2-2a4c61de43d2', '901f4d82-b417-4555-8014-ef091ac8bf99', '2022-12-31', 557.424),
('MEX', '7b4f8d88-5adb-4215-aea2-2a4c61de43d2', '5e9f353c-f2bc-44a4-9452-662c65bcd6d9', '2022-12-31', 414.034),
('MEX', '7b4f8d88-5adb-4215-aea2-2a4c61de43d2', '63fbf2ad-9a1f-4571-a035-f06ecf3f2404', '2022-12-31', 620.66),
('MEX', '7b4f8d88-5adb-4215-aea2-2a4c61de43d2', 'd531ef3e-fe01-481b-aacf-6278453e1732', '2022-12-31', 365.473),
('MEX', '7b4f8d88-5adb-4215-aea2-2a4c61de43d2', '25ee40ae-abb5-42b6-ab59-637eccb98870', '2022-12-31', 387.65),
('MEX', '7b4f8d88-5adb-4215-aea2-2a4c61de43d2', '572cd6e1-bad0-4f90-879a-e81b515d1277', '2022-12-31', 363.306),
('MEX', '7b4f8d88-5adb-4215-aea2-2a4c61de43d2', 'f144ccef-c83e-4ca4-860c-9374c292563b', '2022-12-31', 489.073),
('MEX', '7b4f8d88-5adb-4215-aea2-2a4c61de43d2', 'd11b0974-0997-4cc6-b784-d7f7b936f6e7', '2022-12-31', 333.777),
('MEX', '7b4f8d88-5adb-4215-aea2-2a4c61de43d2', 'ee38b58f-7947-4b0b-817d-6017342ba6d4', '2022-12-31', 556.752),
('MEX', '7b4f8d88-5adb-4215-aea2-2a4c61de43d2', 'fa6d4211-d547-471a-844e-233fe3cae87f', '2022-12-31', 634.088),
('MEX', '7b4f8d88-5adb-4215-aea2-2a4c61de43d2', '6e3162ed-e666-4d85-aace-596dd64566f9', '2022-12-31', 507.037),
('MEX', '7b4f8d88-5adb-4215-aea2-2a4c61de43d2', 'd9684076-9694-4a48-be6e-37cf359f6f57', '2022-12-31', 484.217),
('MEX', '7b4f8d88-5adb-4215-aea2-2a4c61de43d2', '5171060a-6a98-40c9-b0d1-555aae0cd7a7', '2022-12-31', 423.266),
('MEX', '7b4f8d88-5adb-4215-aea2-2a4c61de43d2', '12b7584e-f390-4edf-8672-d52c8ae7270d', '2022-12-31', 567.212),
('MEX', '7b4f8d88-5adb-4215-aea2-2a4c61de43d2', '3f61a6da-640a-4865-829c-14b3a8a4c99e', '2022-12-31', 543.145),
('MEX', '7b4f8d88-5adb-4215-aea2-2a4c61de43d2', '54219f07-470a-40f3-ba8b-2d9acb269833', '2022-12-31', 575.75),
('MEX', '7b4f8d88-5adb-4215-aea2-2a4c61de43d2', '3c9b8af9-6674-4d88-b694-992dc807e17b', '2022-12-31', 404.038),
('MEX', '7b4f8d88-5adb-4215-aea2-2a4c61de43d2', 'a2143fd0-6c78-4c1d-bb61-4a01de95bcc6', '2022-12-31', 358.798),
('MEX', '7b4f8d88-5adb-4215-aea2-2a4c61de43d2', 'aa7c8bbb-d0f4-4e17-ab04-f6f94eeea0c0', '2022-12-31', 217.744),
('MEX', '7b4f8d88-5adb-4215-aea2-2a4c61de43d2', 'c29fc4d2-38af-4bc2-9b1a-39d8d5a5e574', '2022-12-31', 649.385),
('MNG', '7b4f8d88-5adb-4215-aea2-2a4c61de43d2', 'b56d5c28-8c1f-4f0a-a05f-d158d17a3ad4', '2022-12-31', 226.892),
('MNG', '7b4f8d88-5adb-4215-aea2-2a4c61de43d2', '901f4d82-b417-4555-8014-ef091ac8bf99', '2022-12-31', 581.51),
('MNG', '7b4f8d88-5adb-4215-aea2-2a4c61de43d2', '5e9f353c-f2bc-44a4-9452-662c65bcd6d9', '2022-12-31', 336.671),
('MNG', '7b4f8d88-5adb-4215-aea2-2a4c61de43d2', '63fbf2ad-9a1f-4571-a035-f06ecf3f2404', '2022-12-31', 395.696),
('MNG', '7b4f8d88-5adb-4215-aea2-2a4c61de43d2', 'd531ef3e-fe01-481b-aacf-6278453e1732', '2022-12-31', 280.094),
('MNG', '7b4f8d88-5adb-4215-aea2-2a4c61de43d2', '25ee40ae-abb5-42b6-ab59-637eccb98870', '2022-12-31', 404.945),
('MNG', '7b4f8d88-5adb-4215-aea2-2a4c61de43d2', '572cd6e1-bad0-4f90-879a-e81b515d1277', '2022-12-31', 294.919),
('MNG', '7b4f8d88-5adb-4215-aea2-2a4c61de43d2', 'f144ccef-c83e-4ca4-860c-9374c292563b', '2022-12-31', 448.136),
('MNG', '7b4f8d88-5adb-4215-aea2-2a4c61de43d2', 'd11b0974-0997-4cc6-b784-d7f7b936f6e7', '2022-12-31', 248.836),
('MNG', '7b4f8d88-5adb-4215-aea2-2a4c61de43d2', 'ee38b58f-7947-4b0b-817d-6017342ba6d4', '2022-12-31', 420.475),
('MNG', '7b4f8d88-5adb-4215-aea2-2a4c61de43d2', 'fa6d4211-d547-471a-844e-233fe3cae87f', '2022-12-31', 389.345),
('MNG', '7b4f8d88-5adb-4215-aea2-2a4c61de43d2', '6e3162ed-e666-4d85-aace-596dd64566f9', '2022-12-31', 469.997),
('MNG', '7b4f8d88-5adb-4215-aea2-2a4c61de43d2', 'd9684076-9694-4a48-be6e-37cf359f6f57', '2022-12-31', 307.984),
('MNG', '7b4f8d88-5adb-4215-aea2-2a4c61de43d2', '5171060a-6a98-40c9-b0d1-555aae0cd7a7', '2022-12-31', 238.823),
('MNG', '7b4f8d88-5adb-4215-aea2-2a4c61de43d2', '12b7584e-f390-4edf-8672-d52c8ae7270d', '2022-12-31', 268.45),
('MNG', '7b4f8d88-5adb-4215-aea2-2a4c61de43d2', '3f61a6da-640a-4865-829c-14b3a8a4c99e', '2022-12-31', 260.791),
('MNG', '7b4f8d88-5adb-4215-aea2-2a4c61de43d2', '54219f07-470a-40f3-ba8b-2d9acb269833', '2022-12-31', 278.947),
('MNG', '7b4f8d88-5adb-4215-aea2-2a4c61de43d2', '3c9b8af9-6674-4d88-b694-992dc807e17b', '2022-12-31', 272.536),
('MNG', '7b4f8d88-5adb-4215-aea2-2a4c61de43d2', 'a2143fd0-6c78-4c1d-bb61-4a01de95bcc6', '2022-12-31', 285.472),
('MNG', '7b4f8d88-5adb-4215-aea2-2a4c61de43d2', 'aa7c8bbb-d0f4-4e17-ab04-f6f94eeea0c0', '2022-12-31', 202.154),
('MNG', '7b4f8d88-5adb-4215-aea2-2a4c61de43d2', 'c29fc4d2-38af-4bc2-9b1a-39d8d5a5e574', '2022-12-31', 665.27),
('MUS', '7b4f8d88-5adb-4215-aea2-2a4c61de43d2', 'b56d5c28-8c1f-4f0a-a05f-d158d17a3ad4', '2022-12-31', 409.675),
('MUS', '7b4f8d88-5adb-4215-aea2-2a4c61de43d2', '901f4d82-b417-4555-8014-ef091ac8bf99', '2022-12-31', 528.873),
('MUS', '7b4f8d88-5adb-4215-aea2-2a4c61de43d2', '5e9f353c-f2bc-44a4-9452-662c65bcd6d9', '2022-12-31', 442.691),
('MUS', '7b4f8d88-5adb-4215-aea2-2a4c61de43d2', '63fbf2ad-9a1f-4571-a035-f06ecf3f2404', '2022-12-31', 965.948),
('MUS', '7b4f8d88-5adb-4215-aea2-2a4c61de43d2', 'd531ef3e-fe01-481b-aacf-6278453e1732', '2022-12-31', 716.837),
('MUS', '7b4f8d88-5adb-4215-aea2-2a4c61de43d2', '25ee40ae-abb5-42b6-ab59-637eccb98870', '2022-12-31', 480.885),
('MUS', '7b4f8d88-5adb-4215-aea2-2a4c61de43d2', '572cd6e1-bad0-4f90-879a-e81b515d1277', '2022-12-31', 404.484),
('MUS', '7b4f8d88-5adb-4215-aea2-2a4c61de43d2', 'f144ccef-c83e-4ca4-860c-9374c292563b', '2022-12-31', 604.829),
('MUS', '7b4f8d88-5adb-4215-aea2-2a4c61de43d2', 'd11b0974-0997-4cc6-b784-d7f7b936f6e7', '2022-12-31', 424.498),
('MUS', '7b4f8d88-5adb-4215-aea2-2a4c61de43d2', 'ee38b58f-7947-4b0b-817d-6017342ba6d4', '2022-12-31', 734.405),
('MUS', '7b4f8d88-5adb-4215-aea2-2a4c61de43d2', 'fa6d4211-d547-471a-844e-233fe3cae87f', '2022-12-31', 815.182),
('MUS', '7b4f8d88-5adb-4215-aea2-2a4c61de43d2', '6e3162ed-e666-4d85-aace-596dd64566f9', '2022-12-31', 687.902),
('MUS', '7b4f8d88-5adb-4215-aea2-2a4c61de43d2', 'd9684076-9694-4a48-be6e-37cf359f6f57', '2022-12-31', 655.857),
('MUS', '7b4f8d88-5adb-4215-aea2-2a4c61de43d2', '5171060a-6a98-40c9-b0d1-555aae0cd7a7', '2022-12-31', 425.449),
('MUS', '7b4f8d88-5adb-4215-aea2-2a4c61de43d2', '12b7584e-f390-4edf-8672-d52c8ae7270d', '2022-12-31', 701.496),
('MUS', '7b4f8d88-5adb-4215-aea2-2a4c61de43d2', '3f61a6da-640a-4865-829c-14b3a8a4c99e', '2022-12-31', 688.382),
('MUS', '7b4f8d88-5adb-4215-aea2-2a4c61de43d2', '54219f07-470a-40f3-ba8b-2d9acb269833', '2022-12-31', 592.626),
('MUS', '7b4f8d88-5adb-4215-aea2-2a4c61de43d2', '3c9b8af9-6674-4d88-b694-992dc807e17b', '2022-12-31', 451.373),
('MUS', '7b4f8d88-5adb-4215-aea2-2a4c61de43d2', 'a2143fd0-6c78-4c1d-bb61-4a01de95bcc6', '2022-12-31', 409.368),
('MUS', '7b4f8d88-5adb-4215-aea2-2a4c61de43d2', 'aa7c8bbb-d0f4-4e17-ab04-f6f94eeea0c0', '2022-12-31', 168.98),
('NLD', '7b4f8d88-5adb-4215-aea2-2a4c61de43d2', 'b56d5c28-8c1f-4f0a-a05f-d158d17a3ad4', '2022-12-31', 4107.263),
('NLD', '7b4f8d88-5adb-4215-aea2-2a4c61de43d2', '5e9f353c-f2bc-44a4-9452-662c65bcd6d9', '2022-12-31', 6015.89),
('NLD', '7b4f8d88-5adb-4215-aea2-2a4c61de43d2', '25ee40ae-abb5-42b6-ab59-637eccb98870', '2022-12-31', 5898.43),
('NLD', '7b4f8d88-5adb-4215-aea2-2a4c61de43d2', '572cd6e1-bad0-4f90-879a-e81b515d1277', '2022-12-31', 4813.404),
('NLD', '7b4f8d88-5adb-4215-aea2-2a4c61de43d2', 'f144ccef-c83e-4ca4-860c-9374c292563b', '2022-12-31', 4819.853),
('NLD', '7b4f8d88-5adb-4215-aea2-2a4c61de43d2', 'd11b0974-0997-4cc6-b784-d7f7b936f6e7', '2022-12-31', 3007.553),
('NLD', '7b4f8d88-5adb-4215-aea2-2a4c61de43d2', 'ee38b58f-7947-4b0b-817d-6017342ba6d4', '2022-12-31', 6331.121),
('NLD', '7b4f8d88-5adb-4215-aea2-2a4c61de43d2', 'fa6d4211-d547-471a-844e-233fe3cae87f', '2022-12-31', 9012.228),
('NLD', '7b4f8d88-5adb-4215-aea2-2a4c61de43d2', '6e3162ed-e666-4d85-aace-596dd64566f9', '2022-12-31', 5159.884),
('NLD', '7b4f8d88-5adb-4215-aea2-2a4c61de43d2', '12b7584e-f390-4edf-8672-d52c8ae7270d', '2022-12-31', 5940.952),
('NLD', '7b4f8d88-5adb-4215-aea2-2a4c61de43d2', '3f61a6da-640a-4865-829c-14b3a8a4c99e', '2022-12-31', 4789.741),
('NLD', '7b4f8d88-5adb-4215-aea2-2a4c61de43d2', '54219f07-470a-40f3-ba8b-2d9acb269833', '2022-12-31', 4113.604),
('NLD', '7b4f8d88-5adb-4215-aea2-2a4c61de43d2', 'a2143fd0-6c78-4c1d-bb61-4a01de95bcc6', '2022-12-31', 4464.483),
('NOR', '7b4f8d88-5adb-4215-aea2-2a4c61de43d2', 'b56d5c28-8c1f-4f0a-a05f-d158d17a3ad4', '2022-12-31', 7213.233),
('NOR', '7b4f8d88-5adb-4215-aea2-2a4c61de43d2', '5e9f353c-f2bc-44a4-9452-662c65bcd6d9', '2022-12-31', 7311.036),
('NOR', '7b4f8d88-5adb-4215-aea2-2a4c61de43d2', '25ee40ae-abb5-42b6-ab59-637eccb98870', '2022-12-31', 6783.684),
('NOR', '7b4f8d88-5adb-4215-aea2-2a4c61de43d2', '572cd6e1-bad0-4f90-879a-e81b515d1277', '2022-12-31', 5271.089),
('NOR', '7b4f8d88-5adb-4215-aea2-2a4c61de43d2', 'f144ccef-c83e-4ca4-860c-9374c292563b', '2022-12-31', 5635.686),
('NOR', '7b4f8d88-5adb-4215-aea2-2a4c61de43d2', 'd11b0974-0997-4cc6-b784-d7f7b936f6e7', '2022-12-31', 3356.904),
('NOR', '7b4f8d88-5adb-4215-aea2-2a4c61de43d2', 'ee38b58f-7947-4b0b-817d-6017342ba6d4', '2022-12-31', 7457.129),
('NOR', '7b4f8d88-5adb-4215-aea2-2a4c61de43d2', 'fa6d4211-d547-471a-844e-233fe3cae87f', '2022-12-31', 8536.273),
('NOR', '7b4f8d88-5adb-4215-aea2-2a4c61de43d2', '6e3162ed-e666-4d85-aace-596dd64566f9', '2022-12-31', 6018.545),
('NOR', '7b4f8d88-5adb-4215-aea2-2a4c61de43d2', '12b7584e-f390-4edf-8672-d52c8ae7270d', '2022-12-31', 6265.504),
('NOR', '7b4f8d88-5adb-4215-aea2-2a4c61de43d2', '3f61a6da-640a-4865-829c-14b3a8a4c99e', '2022-12-31', 5238.601),
('NOR', '7b4f8d88-5adb-4215-aea2-2a4c61de43d2', '54219f07-470a-40f3-ba8b-2d9acb269833', '2022-12-31', 5054.23),
('NOR', '7b4f8d88-5adb-4215-aea2-2a4c61de43d2', 'a2143fd0-6c78-4c1d-bb61-4a01de95bcc6', '2022-12-31', 4733.7),
('PAN', '7b4f8d88-5adb-4215-aea2-2a4c61de43d2', 'b56d5c28-8c1f-4f0a-a05f-d158d17a3ad4', '2022-12-31', 723.48),
('PAN', '7b4f8d88-5adb-4215-aea2-2a4c61de43d2', '901f4d82-b417-4555-8014-ef091ac8bf99', '2022-12-31', 731.194),
('PAN', '7b4f8d88-5adb-4215-aea2-2a4c61de43d2', '5e9f353c-f2bc-44a4-9452-662c65bcd6d9', '2022-12-31', 804.83),
('PAN', '7b4f8d88-5adb-4215-aea2-2a4c61de43d2', '63fbf2ad-9a1f-4571-a035-f06ecf3f2404', '2022-12-31', 842.21),
('PAN', '7b4f8d88-5adb-4215-aea2-2a4c61de43d2', 'd531ef3e-fe01-481b-aacf-6278453e1732', '2022-12-31', 824.197),
('PAN', '7b4f8d88-5adb-4215-aea2-2a4c61de43d2', '25ee40ae-abb5-42b6-ab59-637eccb98870', '2022-12-31', 773.794),
('PAN', '7b4f8d88-5adb-4215-aea2-2a4c61de43d2', '572cd6e1-bad0-4f90-879a-e81b515d1277', '2022-12-31', 840.192),
('PAN', '7b4f8d88-5adb-4215-aea2-2a4c61de43d2', 'f144ccef-c83e-4ca4-860c-9374c292563b', '2022-12-31', 841.388),
('PAN', '7b4f8d88-5adb-4215-aea2-2a4c61de43d2', 'd11b0974-0997-4cc6-b784-d7f7b936f6e7', '2022-12-31', 777.875),
('PAN', '7b4f8d88-5adb-4215-aea2-2a4c61de43d2', 'ee38b58f-7947-4b0b-817d-6017342ba6d4', '2022-12-31', 749.468),
('PAN', '7b4f8d88-5adb-4215-aea2-2a4c61de43d2', 'fa6d4211-d547-471a-844e-233fe3cae87f', '2022-12-31', 853.15),
('PAN', '7b4f8d88-5adb-4215-aea2-2a4c61de43d2', '6e3162ed-e666-4d85-aace-596dd64566f9', '2022-12-31', 714.958),
('PAN', '7b4f8d88-5adb-4215-aea2-2a4c61de43d2', 'd9684076-9694-4a48-be6e-37cf359f6f57', '2022-12-31', 935.448),
('PAN', '7b4f8d88-5adb-4215-aea2-2a4c61de43d2', '5171060a-6a98-40c9-b0d1-555aae0cd7a7', '2022-12-31', 816.419),
('PAN', '7b4f8d88-5adb-4215-aea2-2a4c61de43d2', '12b7584e-f390-4edf-8672-d52c8ae7270d', '2022-12-31', 772.814),
('PAN', '7b4f8d88-5adb-4215-aea2-2a4c61de43d2', '3f61a6da-640a-4865-829c-14b3a8a4c99e', '2022-12-31', 802.875),
('PAN', '7b4f8d88-5adb-4215-aea2-2a4c61de43d2', '54219f07-470a-40f3-ba8b-2d9acb269833', '2022-12-31', 903.486),
('PAN', '7b4f8d88-5adb-4215-aea2-2a4c61de43d2', '3c9b8af9-6674-4d88-b694-992dc807e17b', '2022-12-31', 964.928),
('PAN', '7b4f8d88-5adb-4215-aea2-2a4c61de43d2', 'a2143fd0-6c78-4c1d-bb61-4a01de95bcc6', '2022-12-31', 885.221),
('PAN', '7b4f8d88-5adb-4215-aea2-2a4c61de43d2', 'aa7c8bbb-d0f4-4e17-ab04-f6f94eeea0c0', '2022-12-31', 776.928),
('PER', '7b4f8d88-5adb-4215-aea2-2a4c61de43d2', 'b56d5c28-8c1f-4f0a-a05f-d158d17a3ad4', '2022-12-31', 268.642),
('PER', '7b4f8d88-5adb-4215-aea2-2a4c61de43d2', '901f4d82-b417-4555-8014-ef091ac8bf99', '2022-12-31', 802.125),
('PER', '7b4f8d88-5adb-4215-aea2-2a4c61de43d2', '5e9f353c-f2bc-44a4-9452-662c65bcd6d9', '2022-12-31', 386.567),
('PER', '7b4f8d88-5adb-4215-aea2-2a4c61de43d2', '63fbf2ad-9a1f-4571-a035-f06ecf3f2404', '2022-12-31', 741.079),
('PER', '7b4f8d88-5adb-4215-aea2-2a4c61de43d2', 'd531ef3e-fe01-481b-aacf-6278453e1732', '2022-12-31', 485.971),
('PER', '7b4f8d88-5adb-4215-aea2-2a4c61de43d2', '25ee40ae-abb5-42b6-ab59-637eccb98870', '2022-12-31', 425.209),
('PER', '7b4f8d88-5adb-4215-aea2-2a4c61de43d2', '572cd6e1-bad0-4f90-879a-e81b515d1277', '2022-12-31', 328.84),
('PER', '7b4f8d88-5adb-4215-aea2-2a4c61de43d2', 'f144ccef-c83e-4ca4-860c-9374c292563b', '2022-12-31', 434.445),
('PER', '7b4f8d88-5adb-4215-aea2-2a4c61de43d2', 'd11b0974-0997-4cc6-b784-d7f7b936f6e7', '2022-12-31', 255.996),
('PER', '7b4f8d88-5adb-4215-aea2-2a4c61de43d2', 'ee38b58f-7947-4b0b-817d-6017342ba6d4', '2022-12-31', 604.792),
('PER', '7b4f8d88-5adb-4215-aea2-2a4c61de43d2', 'fa6d4211-d547-471a-844e-233fe3cae87f', '2022-12-31', 719.11),
('PER', '7b4f8d88-5adb-4215-aea2-2a4c61de43d2', '6e3162ed-e666-4d85-aace-596dd64566f9', '2022-12-31', 603.65),
('PER', '7b4f8d88-5adb-4215-aea2-2a4c61de43d2', 'd9684076-9694-4a48-be6e-37cf359f6f57', '2022-12-31', 519.853),
('PER', '7b4f8d88-5adb-4215-aea2-2a4c61de43d2', '5171060a-6a98-40c9-b0d1-555aae0cd7a7', '2022-12-31', 373.298),
('PER', '7b4f8d88-5adb-4215-aea2-2a4c61de43d2', '12b7584e-f390-4edf-8672-d52c8ae7270d', '2022-12-31', 676.229),
('PER', '7b4f8d88-5adb-4215-aea2-2a4c61de43d2', '3f61a6da-640a-4865-829c-14b3a8a4c99e', '2022-12-31', 570.104),
('PER', '7b4f8d88-5adb-4215-aea2-2a4c61de43d2', '54219f07-470a-40f3-ba8b-2d9acb269833', '2022-12-31', 632.226),
('PER', '7b4f8d88-5adb-4215-aea2-2a4c61de43d2', '3c9b8af9-6674-4d88-b694-992dc807e17b', '2022-12-31', 352.577),
('PER', '7b4f8d88-5adb-4215-aea2-2a4c61de43d2', 'a2143fd0-6c78-4c1d-bb61-4a01de95bcc6', '2022-12-31', 355.137),
('PER', '7b4f8d88-5adb-4215-aea2-2a4c61de43d2', 'aa7c8bbb-d0f4-4e17-ab04-f6f94eeea0c0', '2022-12-31', 217.37),
('PER', '7b4f8d88-5adb-4215-aea2-2a4c61de43d2', 'c29fc4d2-38af-4bc2-9b1a-39d8d5a5e574', '2022-12-31', 1010.868),
('PHL', '7b4f8d88-5adb-4215-aea2-2a4c61de43d2', 'b56d5c28-8c1f-4f0a-a05f-d158d17a3ad4', '2022-12-31', 168.28),
('PHL', '7b4f8d88-5adb-4215-aea2-2a4c61de43d2', '901f4d82-b417-4555-8014-ef091ac8bf99', '2022-12-31', 291.256),
('PHL', '7b4f8d88-5adb-4215-aea2-2a4c61de43d2', '5e9f353c-f2bc-44a4-9452-662c65bcd6d9', '2022-12-31', 270.812),
('PHL', '7b4f8d88-5adb-4215-aea2-2a4c61de43d2', '63fbf2ad-9a1f-4571-a035-f06ecf3f2404', '2022-12-31', 415.787),
('PHL', '7b4f8d88-5adb-4215-aea2-2a4c61de43d2', 'd531ef3e-fe01-481b-aacf-6278453e1732', '2022-12-31', 277.74),
('PHL', '7b4f8d88-5adb-4215-aea2-2a4c61de43d2', '25ee40ae-abb5-42b6-ab59-637eccb98870', '2022-12-31', 272.632),
('PHL', '7b4f8d88-5adb-4215-aea2-2a4c61de43d2', '572cd6e1-bad0-4f90-879a-e81b515d1277', '2022-12-31', 234.029),
('PHL', '7b4f8d88-5adb-4215-aea2-2a4c61de43d2', 'f144ccef-c83e-4ca4-860c-9374c292563b', '2022-12-31', 301.546),
('PHL', '7b4f8d88-5adb-4215-aea2-2a4c61de43d2', 'd11b0974-0997-4cc6-b784-d7f7b936f6e7', '2022-12-31', 241.481),
('PHL', '7b4f8d88-5adb-4215-aea2-2a4c61de43d2', 'ee38b58f-7947-4b0b-817d-6017342ba6d4', '2022-12-31', 486.08),
('PHL', '7b4f8d88-5adb-4215-aea2-2a4c61de43d2', 'fa6d4211-d547-471a-844e-233fe3cae87f', '2022-12-31', 428.401),
('PHL', '7b4f8d88-5adb-4215-aea2-2a4c61de43d2', '6e3162ed-e666-4d85-aace-596dd64566f9', '2022-12-31', 383.597),
('PHL', '7b4f8d88-5adb-4215-aea2-2a4c61de43d2', 'd9684076-9694-4a48-be6e-37cf359f6f57', '2022-12-31', 499.907),
('PHL', '7b4f8d88-5adb-4215-aea2-2a4c61de43d2', '5171060a-6a98-40c9-b0d1-555aae0cd7a7', '2022-12-31', 386.9),
('PHL', '7b4f8d88-5adb-4215-aea2-2a4c61de43d2', '12b7584e-f390-4edf-8672-d52c8ae7270d', '2022-12-31', 422.726),
('PHL', '7b4f8d88-5adb-4215-aea2-2a4c61de43d2', '3f61a6da-640a-4865-829c-14b3a8a4c99e', '2022-12-31', 549.833),
('PHL', '7b4f8d88-5adb-4215-aea2-2a4c61de43d2', '54219f07-470a-40f3-ba8b-2d9acb269833', '2022-12-31', 443.217),
('PHL', '7b4f8d88-5adb-4215-aea2-2a4c61de43d2', '3c9b8af9-6674-4d88-b694-992dc807e17b', '2022-12-31', 303.517),
('PHL', '7b4f8d88-5adb-4215-aea2-2a4c61de43d2', 'a2143fd0-6c78-4c1d-bb61-4a01de95bcc6', '2022-12-31', 244.156),
('PHL', '7b4f8d88-5adb-4215-aea2-2a4c61de43d2', 'aa7c8bbb-d0f4-4e17-ab04-f6f94eeea0c0', '2022-12-31', 156.938),
('PHL', '7b4f8d88-5adb-4215-aea2-2a4c61de43d2', 'c29fc4d2-38af-4bc2-9b1a-39d8d5a5e574', '2022-12-31', 614.155),
('POL', '7b4f8d88-5adb-4215-aea2-2a4c61de43d2', 'b56d5c28-8c1f-4f0a-a05f-d158d17a3ad4', '2022-12-31', 1242.517),
('POL', '7b4f8d88-5adb-4215-aea2-2a4c61de43d2', '5e9f353c-f2bc-44a4-9452-662c65bcd6d9', '2022-12-31', 1333.797),
('POL', '7b4f8d88-5adb-4215-aea2-2a4c61de43d2', '25ee40ae-abb5-42b6-ab59-637eccb98870', '2022-12-31', 1332.87),
('POL', '7b4f8d88-5adb-4215-aea2-2a4c61de43d2', '572cd6e1-bad0-4f90-879a-e81b515d1277', '2022-12-31', 1162.254),
('POL', '7b4f8d88-5adb-4215-aea2-2a4c61de43d2', 'f144ccef-c83e-4ca4-860c-9374c292563b', '2022-12-31', 1377.413),
('POL', '7b4f8d88-5adb-4215-aea2-2a4c61de43d2', 'd11b0974-0997-4cc6-b784-d7f7b936f6e7', '2022-12-31', 1031.571),
('POL', '7b4f8d88-5adb-4215-aea2-2a4c61de43d2', 'ee38b58f-7947-4b0b-817d-6017342ba6d4', '2022-12-31', 2180.057),
('POL', '7b4f8d88-5adb-4215-aea2-2a4c61de43d2', 'fa6d4211-d547-471a-844e-233fe3cae87f', '2022-12-31', 1916.601),
('POL', '7b4f8d88-5adb-4215-aea2-2a4c61de43d2', '6e3162ed-e666-4d85-aace-596dd64566f9', '2022-12-31', 1299.452),
('POL', '7b4f8d88-5adb-4215-aea2-2a4c61de43d2', '12b7584e-f390-4edf-8672-d52c8ae7270d', '2022-12-31', 1528.143),
('POL', '7b4f8d88-5adb-4215-aea2-2a4c61de43d2', '3f61a6da-640a-4865-829c-14b3a8a4c99e', '2022-12-31', 1256.881),
('POL', '7b4f8d88-5adb-4215-aea2-2a4c61de43d2', '54219f07-470a-40f3-ba8b-2d9acb269833', '2022-12-31', 1274.169),
('POL', '7b4f8d88-5adb-4215-aea2-2a4c61de43d2', 'a2143fd0-6c78-4c1d-bb61-4a01de95bcc6', '2022-12-31', 1039.4),
('PRT', '7b4f8d88-5adb-4215-aea2-2a4c61de43d2', 'b56d5c28-8c1f-4f0a-a05f-d158d17a3ad4', '2022-12-31', 854.266),
('PRT', '7b4f8d88-5adb-4215-aea2-2a4c61de43d2', '901f4d82-b417-4555-8014-ef091ac8bf99', '2022-12-31', 1201.663),
('PRT', '7b4f8d88-5adb-4215-aea2-2a4c61de43d2', '5e9f353c-f2bc-44a4-9452-662c65bcd6d9', '2022-12-31', 1011.363),
('PRT', '7b4f8d88-5adb-4215-aea2-2a4c61de43d2', '63fbf2ad-9a1f-4571-a035-f06ecf3f2404', '2022-12-31', 1594.525),
('PRT', '7b4f8d88-5adb-4215-aea2-2a4c61de43d2', 'd531ef3e-fe01-481b-aacf-6278453e1732', '2022-12-31', 1032.181),
('PRT', '7b4f8d88-5adb-4215-aea2-2a4c61de43d2', '25ee40ae-abb5-42b6-ab59-637eccb98870', '2022-12-31', 1036.27),
('PRT', '7b4f8d88-5adb-4215-aea2-2a4c61de43d2', '572cd6e1-bad0-4f90-879a-e81b515d1277', '2022-12-31', 987.523),
('PRT', '7b4f8d88-5adb-4215-aea2-2a4c61de43d2', 'f144ccef-c83e-4ca4-860c-9374c292563b', '2022-12-31', 1212.482),
('PRT', '7b4f8d88-5adb-4215-aea2-2a4c61de43d2', 'd11b0974-0997-4cc6-b784-d7f7b936f6e7', '2022-12-31', 839.955),
('PRT', '7b4f8d88-5adb-4215-aea2-2a4c61de43d2', 'ee38b58f-7947-4b0b-817d-6017342ba6d4', '2022-12-31', 1466.929),
('PRT', '7b4f8d88-5adb-4215-aea2-2a4c61de43d2', 'fa6d4211-d547-471a-844e-233fe3cae87f', '2022-12-31', 1562.984),
('PRT', '7b4f8d88-5adb-4215-aea2-2a4c61de43d2', '6e3162ed-e666-4d85-aace-596dd64566f9', '2022-12-31', 1065.816),
('PRT', '7b4f8d88-5adb-4215-aea2-2a4c61de43d2', 'd9684076-9694-4a48-be6e-37cf359f6f57', '2022-12-31', 1252.079),
('PRT', '7b4f8d88-5adb-4215-aea2-2a4c61de43d2', '5171060a-6a98-40c9-b0d1-555aae0cd7a7', '2022-12-31', 879.14),
('PRT', '7b4f8d88-5adb-4215-aea2-2a4c61de43d2', '12b7584e-f390-4edf-8672-d52c8ae7270d', '2022-12-31', 1201.043),
('PRT', '7b4f8d88-5adb-4215-aea2-2a4c61de43d2', '3f61a6da-640a-4865-829c-14b3a8a4c99e', '2022-12-31', 1293.629),
('PRT', '7b4f8d88-5adb-4215-aea2-2a4c61de43d2', '54219f07-470a-40f3-ba8b-2d9acb269833', '2022-12-31', 1078.44),
('PRT', '7b4f8d88-5adb-4215-aea2-2a4c61de43d2', '3c9b8af9-6674-4d88-b694-992dc807e17b', '2022-12-31', 939.035),
('PRT', '7b4f8d88-5adb-4215-aea2-2a4c61de43d2', 'a2143fd0-6c78-4c1d-bb61-4a01de95bcc6', '2022-12-31', 938.316),
('PRT', '7b4f8d88-5adb-4215-aea2-2a4c61de43d2', 'aa7c8bbb-d0f4-4e17-ab04-f6f94eeea0c0', '2022-12-31', 480.408),
('PRT', '7b4f8d88-5adb-4215-aea2-2a4c61de43d2', 'c29fc4d2-38af-4bc2-9b1a-39d8d5a5e574', '2022-12-31', 1711.0),
('ROU', '7b4f8d88-5adb-4215-aea2-2a4c61de43d2', 'b56d5c28-8c1f-4f0a-a05f-d158d17a3ad4', '2022-12-31', 866.506),
('ROU', '7b4f8d88-5adb-4215-aea2-2a4c61de43d2', '5e9f353c-f2bc-44a4-9452-662c65bcd6d9', '2022-12-31', 954.949),
('ROU', '7b4f8d88-5adb-4215-aea2-2a4c61de43d2', '25ee40ae-abb5-42b6-ab59-637eccb98870', '2022-12-31', 1126.692),
('ROU', '7b4f8d88-5adb-4215-aea2-2a4c61de43d2', '572cd6e1-bad0-4f90-879a-e81b515d1277', '2022-12-31', 874.031),
('ROU', '7b4f8d88-5adb-4215-aea2-2a4c61de43d2', 'f144ccef-c83e-4ca4-860c-9374c292563b', '2022-12-31', 1161.562),
('ROU', '7b4f8d88-5adb-4215-aea2-2a4c61de43d2', 'd11b0974-0997-4cc6-b784-d7f7b936f6e7', '2022-12-31', 898.381),
('ROU', '7b4f8d88-5adb-4215-aea2-2a4c61de43d2', 'ee38b58f-7947-4b0b-817d-6017342ba6d4', '2022-12-31', 1479.592),
('ROU', '7b4f8d88-5adb-4215-aea2-2a4c61de43d2', 'fa6d4211-d547-471a-844e-233fe3cae87f', '2022-12-31', 1289.057),
('ROU', '7b4f8d88-5adb-4215-aea2-2a4c61de43d2', '6e3162ed-e666-4d85-aace-596dd64566f9', '2022-12-31', 1197.709),
('ROU', '7b4f8d88-5adb-4215-aea2-2a4c61de43d2', '12b7584e-f390-4edf-8672-d52c8ae7270d', '2022-12-31', 1385.41),
('ROU', '7b4f8d88-5adb-4215-aea2-2a4c61de43d2', '3f61a6da-640a-4865-829c-14b3a8a4c99e', '2022-12-31', 1165.453),
('ROU', '7b4f8d88-5adb-4215-aea2-2a4c61de43d2', '54219f07-470a-40f3-ba8b-2d9acb269833', '2022-12-31', 1305.466),
('ROU', '7b4f8d88-5adb-4215-aea2-2a4c61de43d2', 'a2143fd0-6c78-4c1d-bb61-4a01de95bcc6', '2022-12-31', 978.704),
('RWA', '7b4f8d88-5adb-4215-aea2-2a4c61de43d2', 'b56d5c28-8c1f-4f0a-a05f-d158d17a3ad4', '2022-12-31', 18.28),
('RWA', '7b4f8d88-5adb-4215-aea2-2a4c61de43d2', '901f4d82-b417-4555-8014-ef091ac8bf99', '2022-12-31', 40.731),
('RWA', '7b4f8d88-5adb-4215-aea2-2a4c61de43d2', '5e9f353c-f2bc-44a4-9452-662c65bcd6d9', '2022-12-31', 55.24),
('RWA', '7b4f8d88-5adb-4215-aea2-2a4c61de43d2', '63fbf2ad-9a1f-4571-a035-f06ecf3f2404', '2022-12-31', 210.702),
('RWA', '7b4f8d88-5adb-4215-aea2-2a4c61de43d2', 'd531ef3e-fe01-481b-aacf-6278453e1732', '2022-12-31', 155.025),
('RWA', '7b4f8d88-5adb-4215-aea2-2a4c61de43d2', '25ee40ae-abb5-42b6-ab59-637eccb98870', '2022-12-31', 57.904),
('RWA', '7b4f8d88-5adb-4215-aea2-2a4c61de43d2', '572cd6e1-bad0-4f90-879a-e81b515d1277', '2022-12-31', 68.805),
('RWA', '7b4f8d88-5adb-4215-aea2-2a4c61de43d2', 'f144ccef-c83e-4ca4-860c-9374c292563b', '2022-12-31', 74.804),
('RWA', '7b4f8d88-5adb-4215-aea2-2a4c61de43d2', 'd11b0974-0997-4cc6-b784-d7f7b936f6e7', '2022-12-31', 77.867),
('RWA', '7b4f8d88-5adb-4215-aea2-2a4c61de43d2', 'ee38b58f-7947-4b0b-817d-6017342ba6d4', '2022-12-31', 185.656),
('RWA', '7b4f8d88-5adb-4215-aea2-2a4c61de43d2', 'fa6d4211-d547-471a-844e-233fe3cae87f', '2022-12-31', 189.932),
('RWA', '7b4f8d88-5adb-4215-aea2-2a4c61de43d2', '6e3162ed-e666-4d85-aace-596dd64566f9', '2022-12-31', 94.26),
('RWA', '7b4f8d88-5adb-4215-aea2-2a4c61de43d2', 'd9684076-9694-4a48-be6e-37cf359f6f57', '2022-12-31', 178.563),
('RWA', '7b4f8d88-5adb-4215-aea2-2a4c61de43d2', '5171060a-6a98-40c9-b0d1-555aae0cd7a7', '2022-12-31', 57.913),
('RWA', '7b4f8d88-5adb-4215-aea2-2a4c61de43d2', '12b7584e-f390-4edf-8672-d52c8ae7270d', '2022-12-31', 156.604),
('RWA', '7b4f8d88-5adb-4215-aea2-2a4c61de43d2', '3f61a6da-640a-4865-829c-14b3a8a4c99e', '2022-12-31', 101.845),
('RWA', '7b4f8d88-5adb-4215-aea2-2a4c61de43d2', '54219f07-470a-40f3-ba8b-2d9acb269833', '2022-12-31', 165.862),
('RWA', '7b4f8d88-5adb-4215-aea2-2a4c61de43d2', '3c9b8af9-6674-4d88-b694-992dc807e17b', '2022-12-31', 107.831),
('RWA', '7b4f8d88-5adb-4215-aea2-2a4c61de43d2', 'a2143fd0-6c78-4c1d-bb61-4a01de95bcc6', '2022-12-31', 52.352),
('RWA', '7b4f8d88-5adb-4215-aea2-2a4c61de43d2', 'aa7c8bbb-d0f4-4e17-ab04-f6f94eeea0c0', '2022-12-31', 19.171),
('RWA', '7b4f8d88-5adb-4215-aea2-2a4c61de43d2', 'c29fc4d2-38af-4bc2-9b1a-39d8d5a5e574', '2022-12-31', 176.593),
('SEN', '7b4f8d88-5adb-4215-aea2-2a4c61de43d2', 'b56d5c28-8c1f-4f0a-a05f-d158d17a3ad4', '2022-12-31', 109.847),
('SEN', '7b4f8d88-5adb-4215-aea2-2a4c61de43d2', '901f4d82-b417-4555-8014-ef091ac8bf99', '2022-12-31', 239.935),
('SEN', '7b4f8d88-5adb-4215-aea2-2a4c61de43d2', '5e9f353c-f2bc-44a4-9452-662c65bcd6d9', '2022-12-31', 117.782),
('SEN', '7b4f8d88-5adb-4215-aea2-2a4c61de43d2', '63fbf2ad-9a1f-4571-a035-f06ecf3f2404', '2022-12-31', 115.068),
('SEN', '7b4f8d88-5adb-4215-aea2-2a4c61de43d2', 'd531ef3e-fe01-481b-aacf-6278453e1732', '2022-12-31', 116.366),
('SEN', '7b4f8d88-5adb-4215-aea2-2a4c61de43d2', '25ee40ae-abb5-42b6-ab59-637eccb98870', '2022-12-31', 201.085),
('SEN', '7b4f8d88-5adb-4215-aea2-2a4c61de43d2', '572cd6e1-bad0-4f90-879a-e81b515d1277', '2022-12-31', 113.628),
('SEN', '7b4f8d88-5adb-4215-aea2-2a4c61de43d2', 'f144ccef-c83e-4ca4-860c-9374c292563b', '2022-12-31', 159.336),
('SEN', '7b4f8d88-5adb-4215-aea2-2a4c61de43d2', 'd11b0974-0997-4cc6-b784-d7f7b936f6e7', '2022-12-31', 131.378),
('SEN', '7b4f8d88-5adb-4215-aea2-2a4c61de43d2', 'ee38b58f-7947-4b0b-817d-6017342ba6d4', '2022-12-31', 144.481),
('SEN', '7b4f8d88-5adb-4215-aea2-2a4c61de43d2', 'fa6d4211-d547-471a-844e-233fe3cae87f', '2022-12-31', 150.583),
('SEN', '7b4f8d88-5adb-4215-aea2-2a4c61de43d2', 'd9684076-9694-4a48-be6e-37cf359f6f57', '2022-12-31', 439.879),
('SEN', '7b4f8d88-5adb-4215-aea2-2a4c61de43d2', '5171060a-6a98-40c9-b0d1-555aae0cd7a7', '2022-12-31', 195.717),
('SEN', '7b4f8d88-5adb-4215-aea2-2a4c61de43d2', '12b7584e-f390-4edf-8672-d52c8ae7270d', '2022-12-31', 225.162),
('SEN', '7b4f8d88-5adb-4215-aea2-2a4c61de43d2', '3f61a6da-640a-4865-829c-14b3a8a4c99e', '2022-12-31', 319.094),
('SEN', '7b4f8d88-5adb-4215-aea2-2a4c61de43d2', '54219f07-470a-40f3-ba8b-2d9acb269833', '2022-12-31', 136.441),
('SEN', '7b4f8d88-5adb-4215-aea2-2a4c61de43d2', 'a2143fd0-6c78-4c1d-bb61-4a01de95bcc6', '2022-12-31', 135.442),
('SEN', '7b4f8d88-5adb-4215-aea2-2a4c61de43d2', 'aa7c8bbb-d0f4-4e17-ab04-f6f94eeea0c0', '2022-12-31', 74.439),
('SEN', '7b4f8d88-5adb-4215-aea2-2a4c61de43d2', 'c29fc4d2-38af-4bc2-9b1a-39d8d5a5e574', '2022-12-31', 211.96),
('SLV', '7b4f8d88-5adb-4215-aea2-2a4c61de43d2', 'b56d5c28-8c1f-4f0a-a05f-d158d17a3ad4', '2022-12-31', 228.127),
('SLV', '7b4f8d88-5adb-4215-aea2-2a4c61de43d2', '901f4d82-b417-4555-8014-ef091ac8bf99', '2022-12-31', 333.516),
('SLV', '7b4f8d88-5adb-4215-aea2-2a4c61de43d2', '5e9f353c-f2bc-44a4-9452-662c65bcd6d9', '2022-12-31', 401.383),
('SLV', '7b4f8d88-5adb-4215-aea2-2a4c61de43d2', '63fbf2ad-9a1f-4571-a035-f06ecf3f2404', '2022-12-31', 645.175),
('SLV', '7b4f8d88-5adb-4215-aea2-2a4c61de43d2', 'd531ef3e-fe01-481b-aacf-6278453e1732', '2022-12-31', 489.553),
('SLV', '7b4f8d88-5adb-4215-aea2-2a4c61de43d2', '25ee40ae-abb5-42b6-ab59-637eccb98870', '2022-12-31', 348.355),
('SLV', '7b4f8d88-5adb-4215-aea2-2a4c61de43d2', '572cd6e1-bad0-4f90-879a-e81b515d1277', '2022-12-31', 394.402),
('SLV', '7b4f8d88-5adb-4215-aea2-2a4c61de43d2', 'f144ccef-c83e-4ca4-860c-9374c292563b', '2022-12-31', 429.682),
('SLV', '7b4f8d88-5adb-4215-aea2-2a4c61de43d2', 'd11b0974-0997-4cc6-b784-d7f7b936f6e7', '2022-12-31', 375.671),
('SLV', '7b4f8d88-5adb-4215-aea2-2a4c61de43d2', 'ee38b58f-7947-4b0b-817d-6017342ba6d4', '2022-12-31', 525.929),
('SLV', '7b4f8d88-5adb-4215-aea2-2a4c61de43d2', 'fa6d4211-d547-471a-844e-233fe3cae87f', '2022-12-31', 554.573),
('SLV', '7b4f8d88-5adb-4215-aea2-2a4c61de43d2', '6e3162ed-e666-4d85-aace-596dd64566f9', '2022-12-31', 420.566),
('SLV', '7b4f8d88-5adb-4215-aea2-2a4c61de43d2', 'd9684076-9694-4a48-be6e-37cf359f6f57', '2022-12-31', 539.762),
('SLV', '7b4f8d88-5adb-4215-aea2-2a4c61de43d2', '5171060a-6a98-40c9-b0d1-555aae0cd7a7', '2022-12-31', 490.366),
('SLV', '7b4f8d88-5adb-4215-aea2-2a4c61de43d2', '12b7584e-f390-4edf-8672-d52c8ae7270d', '2022-12-31', 616.738),
('SLV', '7b4f8d88-5adb-4215-aea2-2a4c61de43d2', '3f61a6da-640a-4865-829c-14b3a8a4c99e', '2022-12-31', 705.893),
('SLV', '7b4f8d88-5adb-4215-aea2-2a4c61de43d2', '54219f07-470a-40f3-ba8b-2d9acb269833', '2022-12-31', 683.495),
('SLV', '7b4f8d88-5adb-4215-aea2-2a4c61de43d2', '3c9b8af9-6674-4d88-b694-992dc807e17b', '2022-12-31', 390.1),
('SLV', '7b4f8d88-5adb-4215-aea2-2a4c61de43d2', 'a2143fd0-6c78-4c1d-bb61-4a01de95bcc6', '2022-12-31', 421.491),
('SLV', '7b4f8d88-5adb-4215-aea2-2a4c61de43d2', 'aa7c8bbb-d0f4-4e17-ab04-f6f94eeea0c0', '2022-12-31', 283.693),
('SRB', '7b4f8d88-5adb-4215-aea2-2a4c61de43d2', 'b56d5c28-8c1f-4f0a-a05f-d158d17a3ad4', '2022-12-31', 615.544),
('SRB', '7b4f8d88-5adb-4215-aea2-2a4c61de43d2', '5e9f353c-f2bc-44a4-9452-662c65bcd6d9', '2022-12-31', 774.55),
('SRB', '7b4f8d88-5adb-4215-aea2-2a4c61de43d2', '25ee40ae-abb5-42b6-ab59-637eccb98870', '2022-12-31', 926.694),
('SRB', '7b4f8d88-5adb-4215-aea2-2a4c61de43d2', '572cd6e1-bad0-4f90-879a-e81b515d1277', '2022-12-31', 710.194),
('SRB', '7b4f8d88-5adb-4215-aea2-2a4c61de43d2', 'f144ccef-c83e-4ca4-860c-9374c292563b', '2022-12-31', 895.317),
('SRB', '7b4f8d88-5adb-4215-aea2-2a4c61de43d2', 'd11b0974-0997-4cc6-b784-d7f7b936f6e7', '2022-12-31', 649.147),
('SRB', '7b4f8d88-5adb-4215-aea2-2a4c61de43d2', 'ee38b58f-7947-4b0b-817d-6017342ba6d4', '2022-12-31', 1287.496),
('SRB', '7b4f8d88-5adb-4215-aea2-2a4c61de43d2', 'fa6d4211-d547-471a-844e-233fe3cae87f', '2022-12-31', 966.358),
('SRB', '7b4f8d88-5adb-4215-aea2-2a4c61de43d2', '6e3162ed-e666-4d85-aace-596dd64566f9', '2022-12-31', 866.138),
('SRB', '7b4f8d88-5adb-4215-aea2-2a4c61de43d2', '12b7584e-f390-4edf-8672-d52c8ae7270d', '2022-12-31', 930.685),
('SRB', '7b4f8d88-5adb-4215-aea2-2a4c61de43d2', '3f61a6da-640a-4865-829c-14b3a8a4c99e', '2022-12-31', 852.972),
('SRB', '7b4f8d88-5adb-4215-aea2-2a4c61de43d2', '54219f07-470a-40f3-ba8b-2d9acb269833', '2022-12-31', 852.021),
('SRB', '7b4f8d88-5adb-4215-aea2-2a4c61de43d2', 'a2143fd0-6c78-4c1d-bb61-4a01de95bcc6', '2022-12-31', 671.608);

INSERT INTO public.market_indicator_values (country_code, indicator_type_id, industry_id, last_updated, value) VALUES
('SVK', '7b4f8d88-5adb-4215-aea2-2a4c61de43d2', 'b56d5c28-8c1f-4f0a-a05f-d158d17a3ad4', '2022-12-31', 1172.422),
('SVK', '7b4f8d88-5adb-4215-aea2-2a4c61de43d2', '5e9f353c-f2bc-44a4-9452-662c65bcd6d9', '2022-12-31', 1357.31),
('SVK', '7b4f8d88-5adb-4215-aea2-2a4c61de43d2', '25ee40ae-abb5-42b6-ab59-637eccb98870', '2022-12-31', 1326.267),
('SVK', '7b4f8d88-5adb-4215-aea2-2a4c61de43d2', '572cd6e1-bad0-4f90-879a-e81b515d1277', '2022-12-31', 1257.532),
('SVK', '7b4f8d88-5adb-4215-aea2-2a4c61de43d2', 'f144ccef-c83e-4ca4-860c-9374c292563b', '2022-12-31', 1427.559),
('SVK', '7b4f8d88-5adb-4215-aea2-2a4c61de43d2', 'd11b0974-0997-4cc6-b784-d7f7b936f6e7', '2022-12-31', 1034.15),
('SVK', '7b4f8d88-5adb-4215-aea2-2a4c61de43d2', 'ee38b58f-7947-4b0b-817d-6017342ba6d4', '2022-12-31', 1979.496),
('SVK', '7b4f8d88-5adb-4215-aea2-2a4c61de43d2', 'fa6d4211-d547-471a-844e-233fe3cae87f', '2022-12-31', 1637.995),
('SVK', '7b4f8d88-5adb-4215-aea2-2a4c61de43d2', '6e3162ed-e666-4d85-aace-596dd64566f9', '2022-12-31', 1566.647),
('SVK', '7b4f8d88-5adb-4215-aea2-2a4c61de43d2', '12b7584e-f390-4edf-8672-d52c8ae7270d', '2022-12-31', 1419.327),
('SVK', '7b4f8d88-5adb-4215-aea2-2a4c61de43d2', '3f61a6da-640a-4865-829c-14b3a8a4c99e', '2022-12-31', 1281.971),
('SVK', '7b4f8d88-5adb-4215-aea2-2a4c61de43d2', '54219f07-470a-40f3-ba8b-2d9acb269833', '2022-12-31', 1290.879),
('SVK', '7b4f8d88-5adb-4215-aea2-2a4c61de43d2', 'a2143fd0-6c78-4c1d-bb61-4a01de95bcc6', '2022-12-31', 1131.853),
('SVN', '7b4f8d88-5adb-4215-aea2-2a4c61de43d2', 'b56d5c28-8c1f-4f0a-a05f-d158d17a3ad4', '2022-12-31', 2558.162),
('SVN', '7b4f8d88-5adb-4215-aea2-2a4c61de43d2', '5e9f353c-f2bc-44a4-9452-662c65bcd6d9', '2022-12-31', 2735.543),
('SVN', '7b4f8d88-5adb-4215-aea2-2a4c61de43d2', '25ee40ae-abb5-42b6-ab59-637eccb98870', '2022-12-31', 2208.829),
('SVN', '7b4f8d88-5adb-4215-aea2-2a4c61de43d2', '572cd6e1-bad0-4f90-879a-e81b515d1277', '2022-12-31', 2497.485),
('SVN', '7b4f8d88-5adb-4215-aea2-2a4c61de43d2', 'f144ccef-c83e-4ca4-860c-9374c292563b', '2022-12-31', 2527.779),
('SVN', '7b4f8d88-5adb-4215-aea2-2a4c61de43d2', 'd11b0974-0997-4cc6-b784-d7f7b936f6e7', '2022-12-31', 1820.737),
('SVN', '7b4f8d88-5adb-4215-aea2-2a4c61de43d2', 'ee38b58f-7947-4b0b-817d-6017342ba6d4', '2022-12-31', 3652.787),
('SVN', '7b4f8d88-5adb-4215-aea2-2a4c61de43d2', 'fa6d4211-d547-471a-844e-233fe3cae87f', '2022-12-31', 3923.487),
('SVN', '7b4f8d88-5adb-4215-aea2-2a4c61de43d2', '6e3162ed-e666-4d85-aace-596dd64566f9', '2022-12-31', 2653.933),
('SVN', '7b4f8d88-5adb-4215-aea2-2a4c61de43d2', '12b7584e-f390-4edf-8672-d52c8ae7270d', '2022-12-31', 3302.794),
('SVN', '7b4f8d88-5adb-4215-aea2-2a4c61de43d2', '3f61a6da-640a-4865-829c-14b3a8a4c99e', '2022-12-31', 2996.75),
('SVN', '7b4f8d88-5adb-4215-aea2-2a4c61de43d2', '54219f07-470a-40f3-ba8b-2d9acb269833', '2022-12-31', 2810.379),
('SVN', '7b4f8d88-5adb-4215-aea2-2a4c61de43d2', 'a2143fd0-6c78-4c1d-bb61-4a01de95bcc6', '2022-12-31', 2438.066),
('SWE', '7b4f8d88-5adb-4215-aea2-2a4c61de43d2', 'b56d5c28-8c1f-4f0a-a05f-d158d17a3ad4', '2022-12-31', 3802.417),
('SWE', '7b4f8d88-5adb-4215-aea2-2a4c61de43d2', '5e9f353c-f2bc-44a4-9452-662c65bcd6d9', '2022-12-31', 4877.65),
('SWE', '7b4f8d88-5adb-4215-aea2-2a4c61de43d2', '25ee40ae-abb5-42b6-ab59-637eccb98870', '2022-12-31', 4430.189),
('SWE', '7b4f8d88-5adb-4215-aea2-2a4c61de43d2', '572cd6e1-bad0-4f90-879a-e81b515d1277', '2022-12-31', 4364.134),
('SWE', '7b4f8d88-5adb-4215-aea2-2a4c61de43d2', 'f144ccef-c83e-4ca4-860c-9374c292563b', '2022-12-31', 4334.548),
('SWE', '7b4f8d88-5adb-4215-aea2-2a4c61de43d2', 'd11b0974-0997-4cc6-b784-d7f7b936f6e7', '2022-12-31', 2994.155),
('SWE', '7b4f8d88-5adb-4215-aea2-2a4c61de43d2', 'ee38b58f-7947-4b0b-817d-6017342ba6d4', '2022-12-31', 5776.624),
('SWE', '7b4f8d88-5adb-4215-aea2-2a4c61de43d2', 'fa6d4211-d547-471a-844e-233fe3cae87f', '2022-12-31', 6611.84),
('SWE', '7b4f8d88-5adb-4215-aea2-2a4c61de43d2', '6e3162ed-e666-4d85-aace-596dd64566f9', '2022-12-31', 4845.593),
('SWE', '7b4f8d88-5adb-4215-aea2-2a4c61de43d2', '12b7584e-f390-4edf-8672-d52c8ae7270d', '2022-12-31', 4723.276),
('SWE', '7b4f8d88-5adb-4215-aea2-2a4c61de43d2', '3f61a6da-640a-4865-829c-14b3a8a4c99e', '2022-12-31', 3954.786),
('SWE', '7b4f8d88-5adb-4215-aea2-2a4c61de43d2', '54219f07-470a-40f3-ba8b-2d9acb269833', '2022-12-31', 3822.667),
('SWE', '7b4f8d88-5adb-4215-aea2-2a4c61de43d2', 'a2143fd0-6c78-4c1d-bb61-4a01de95bcc6', '2022-12-31', 3822.251),
('THA', '7b4f8d88-5adb-4215-aea2-2a4c61de43d2', 'b56d5c28-8c1f-4f0a-a05f-d158d17a3ad4', '2022-12-31', 193.095),
('THA', '7b4f8d88-5adb-4215-aea2-2a4c61de43d2', '901f4d82-b417-4555-8014-ef091ac8bf99', '2022-12-31', 555.768),
('THA', '7b4f8d88-5adb-4215-aea2-2a4c61de43d2', '5e9f353c-f2bc-44a4-9452-662c65bcd6d9', '2022-12-31', 456.241),
('THA', '7b4f8d88-5adb-4215-aea2-2a4c61de43d2', '63fbf2ad-9a1f-4571-a035-f06ecf3f2404', '2022-12-31', 802.122),
('THA', '7b4f8d88-5adb-4215-aea2-2a4c61de43d2', 'd531ef3e-fe01-481b-aacf-6278453e1732', '2022-12-31', 496.819),
('THA', '7b4f8d88-5adb-4215-aea2-2a4c61de43d2', '25ee40ae-abb5-42b6-ab59-637eccb98870', '2022-12-31', 337.687),
('THA', '7b4f8d88-5adb-4215-aea2-2a4c61de43d2', '572cd6e1-bad0-4f90-879a-e81b515d1277', '2022-12-31', 398.769),
('THA', '7b4f8d88-5adb-4215-aea2-2a4c61de43d2', 'f144ccef-c83e-4ca4-860c-9374c292563b', '2022-12-31', 517.548),
('THA', '7b4f8d88-5adb-4215-aea2-2a4c61de43d2', 'd11b0974-0997-4cc6-b784-d7f7b936f6e7', '2022-12-31', 364.461),
('THA', '7b4f8d88-5adb-4215-aea2-2a4c61de43d2', 'ee38b58f-7947-4b0b-817d-6017342ba6d4', '2022-12-31', 844.416),
('THA', '7b4f8d88-5adb-4215-aea2-2a4c61de43d2', 'fa6d4211-d547-471a-844e-233fe3cae87f', '2022-12-31', 791.614),
('THA', '7b4f8d88-5adb-4215-aea2-2a4c61de43d2', '6e3162ed-e666-4d85-aace-596dd64566f9', '2022-12-31', 444.803),
('THA', '7b4f8d88-5adb-4215-aea2-2a4c61de43d2', 'd9684076-9694-4a48-be6e-37cf359f6f57', '2022-12-31', 682.077),
('THA', '7b4f8d88-5adb-4215-aea2-2a4c61de43d2', '5171060a-6a98-40c9-b0d1-555aae0cd7a7', '2022-12-31', 390.544),
('THA', '7b4f8d88-5adb-4215-aea2-2a4c61de43d2', '12b7584e-f390-4edf-8672-d52c8ae7270d', '2022-12-31', 581.467),
('THA', '7b4f8d88-5adb-4215-aea2-2a4c61de43d2', '3f61a6da-640a-4865-829c-14b3a8a4c99e', '2022-12-31', 734.309),
('THA', '7b4f8d88-5adb-4215-aea2-2a4c61de43d2', '54219f07-470a-40f3-ba8b-2d9acb269833', '2022-12-31', 667.894),
('THA', '7b4f8d88-5adb-4215-aea2-2a4c61de43d2', '3c9b8af9-6674-4d88-b694-992dc807e17b', '2022-12-31', 417.817),
('THA', '7b4f8d88-5adb-4215-aea2-2a4c61de43d2', 'a2143fd0-6c78-4c1d-bb61-4a01de95bcc6', '2022-12-31', 258.367),
('THA', '7b4f8d88-5adb-4215-aea2-2a4c61de43d2', 'aa7c8bbb-d0f4-4e17-ab04-f6f94eeea0c0', '2022-12-31', 311.084),
('THA', '7b4f8d88-5adb-4215-aea2-2a4c61de43d2', 'c29fc4d2-38af-4bc2-9b1a-39d8d5a5e574', '2022-12-31', 1788.85),
('TUR', '7b4f8d88-5adb-4215-aea2-2a4c61de43d2', 'b56d5c28-8c1f-4f0a-a05f-d158d17a3ad4', '2022-12-31', 256.132),
('TUR', '7b4f8d88-5adb-4215-aea2-2a4c61de43d2', '901f4d82-b417-4555-8014-ef091ac8bf99', '2022-12-31', 461.062),
('TUR', '7b4f8d88-5adb-4215-aea2-2a4c61de43d2', '5e9f353c-f2bc-44a4-9452-662c65bcd6d9', '2022-12-31', 376.973),
('TUR', '7b4f8d88-5adb-4215-aea2-2a4c61de43d2', '63fbf2ad-9a1f-4571-a035-f06ecf3f2404', '2022-12-31', 464.462),
('TUR', '7b4f8d88-5adb-4215-aea2-2a4c61de43d2', 'd531ef3e-fe01-481b-aacf-6278453e1732', '2022-12-31', 401.111),
('TUR', '7b4f8d88-5adb-4215-aea2-2a4c61de43d2', '25ee40ae-abb5-42b6-ab59-637eccb98870', '2022-12-31', 333.455),
('TUR', '7b4f8d88-5adb-4215-aea2-2a4c61de43d2', '572cd6e1-bad0-4f90-879a-e81b515d1277', '2022-12-31', 338.104),
('TUR', '7b4f8d88-5adb-4215-aea2-2a4c61de43d2', 'f144ccef-c83e-4ca4-860c-9374c292563b', '2022-12-31', 430.646),
('TUR', '7b4f8d88-5adb-4215-aea2-2a4c61de43d2', 'd11b0974-0997-4cc6-b784-d7f7b936f6e7', '2022-12-31', 319.715),
('TUR', '7b4f8d88-5adb-4215-aea2-2a4c61de43d2', 'ee38b58f-7947-4b0b-817d-6017342ba6d4', '2022-12-31', 662.5),
('TUR', '7b4f8d88-5adb-4215-aea2-2a4c61de43d2', 'fa6d4211-d547-471a-844e-233fe3cae87f', '2022-12-31', 602.735),
('TUR', '7b4f8d88-5adb-4215-aea2-2a4c61de43d2', '6e3162ed-e666-4d85-aace-596dd64566f9', '2022-12-31', 327.43),
('TUR', '7b4f8d88-5adb-4215-aea2-2a4c61de43d2', 'd9684076-9694-4a48-be6e-37cf359f6f57', '2022-12-31', 493.594),
('TUR', '7b4f8d88-5adb-4215-aea2-2a4c61de43d2', '5171060a-6a98-40c9-b0d1-555aae0cd7a7', '2022-12-31', 346.547),
('TUR', '7b4f8d88-5adb-4215-aea2-2a4c61de43d2', '12b7584e-f390-4edf-8672-d52c8ae7270d', '2022-12-31', 588.812),
('TUR', '7b4f8d88-5adb-4215-aea2-2a4c61de43d2', '3f61a6da-640a-4865-829c-14b3a8a4c99e', '2022-12-31', 519.839),
('TUR', '7b4f8d88-5adb-4215-aea2-2a4c61de43d2', '54219f07-470a-40f3-ba8b-2d9acb269833', '2022-12-31', 409.559),
('TUR', '7b4f8d88-5adb-4215-aea2-2a4c61de43d2', '3c9b8af9-6674-4d88-b694-992dc807e17b', '2022-12-31', 391.125),
('TUR', '7b4f8d88-5adb-4215-aea2-2a4c61de43d2', 'a2143fd0-6c78-4c1d-bb61-4a01de95bcc6', '2022-12-31', 330.878),
('TUR', '7b4f8d88-5adb-4215-aea2-2a4c61de43d2', 'aa7c8bbb-d0f4-4e17-ab04-f6f94eeea0c0', '2022-12-31', 225.246),
('TUR', '7b4f8d88-5adb-4215-aea2-2a4c61de43d2', 'c29fc4d2-38af-4bc2-9b1a-39d8d5a5e574', '2022-12-31', 673.436),
('URY', '7b4f8d88-5adb-4215-aea2-2a4c61de43d2', 'b56d5c28-8c1f-4f0a-a05f-d158d17a3ad4', '2022-12-31', 736.688),
('URY', '7b4f8d88-5adb-4215-aea2-2a4c61de43d2', '901f4d82-b417-4555-8014-ef091ac8bf99', '2022-12-31', 865.111),
('URY', '7b4f8d88-5adb-4215-aea2-2a4c61de43d2', '5e9f353c-f2bc-44a4-9452-662c65bcd6d9', '2022-12-31', 1115.576),
('URY', '7b4f8d88-5adb-4215-aea2-2a4c61de43d2', '63fbf2ad-9a1f-4571-a035-f06ecf3f2404', '2022-12-31', 1782.813),
('URY', '7b4f8d88-5adb-4215-aea2-2a4c61de43d2', 'd531ef3e-fe01-481b-aacf-6278453e1732', '2022-12-31', 1122.439),
('URY', '7b4f8d88-5adb-4215-aea2-2a4c61de43d2', '25ee40ae-abb5-42b6-ab59-637eccb98870', '2022-12-31', 1168.355),
('URY', '7b4f8d88-5adb-4215-aea2-2a4c61de43d2', '572cd6e1-bad0-4f90-879a-e81b515d1277', '2022-12-31', 857.285),
('URY', '7b4f8d88-5adb-4215-aea2-2a4c61de43d2', 'f144ccef-c83e-4ca4-860c-9374c292563b', '2022-12-31', 1076.737),
('URY', '7b4f8d88-5adb-4215-aea2-2a4c61de43d2', 'd11b0974-0997-4cc6-b784-d7f7b936f6e7', '2022-12-31', 618.404),
('URY', '7b4f8d88-5adb-4215-aea2-2a4c61de43d2', 'ee38b58f-7947-4b0b-817d-6017342ba6d4', '2022-12-31', 1574.993),
('URY', '7b4f8d88-5adb-4215-aea2-2a4c61de43d2', 'fa6d4211-d547-471a-844e-233fe3cae87f', '2022-12-31', 1906.556),
('URY', '7b4f8d88-5adb-4215-aea2-2a4c61de43d2', '6e3162ed-e666-4d85-aace-596dd64566f9', '2022-12-31', 1144.421),
('URY', '7b4f8d88-5adb-4215-aea2-2a4c61de43d2', 'd9684076-9694-4a48-be6e-37cf359f6f57', '2022-12-31', 1155.606),
('URY', '7b4f8d88-5adb-4215-aea2-2a4c61de43d2', '5171060a-6a98-40c9-b0d1-555aae0cd7a7', '2022-12-31', 747.933),
('URY', '7b4f8d88-5adb-4215-aea2-2a4c61de43d2', '12b7584e-f390-4edf-8672-d52c8ae7270d', '2022-12-31', 1218.849),
('URY', '7b4f8d88-5adb-4215-aea2-2a4c61de43d2', '3f61a6da-640a-4865-829c-14b3a8a4c99e', '2022-12-31', 1046.899),
('URY', '7b4f8d88-5adb-4215-aea2-2a4c61de43d2', '54219f07-470a-40f3-ba8b-2d9acb269833', '2022-12-31', 1053.63),
('URY', '7b4f8d88-5adb-4215-aea2-2a4c61de43d2', '3c9b8af9-6674-4d88-b694-992dc807e17b', '2022-12-31', 862.184),
('URY', '7b4f8d88-5adb-4215-aea2-2a4c61de43d2', 'a2143fd0-6c78-4c1d-bb61-4a01de95bcc6', '2022-12-31', 866.574),
('URY', '7b4f8d88-5adb-4215-aea2-2a4c61de43d2', 'aa7c8bbb-d0f4-4e17-ab04-f6f94eeea0c0', '2022-12-31', 412.421),
('URY', '7b4f8d88-5adb-4215-aea2-2a4c61de43d2', 'c29fc4d2-38af-4bc2-9b1a-39d8d5a5e574', '2022-12-31', 2296.173),
('USA', '7b4f8d88-5adb-4215-aea2-2a4c61de43d2', 'b56d5c28-8c1f-4f0a-a05f-d158d17a3ad4', '2022-12-31', 3796.322),
('USA', '7b4f8d88-5adb-4215-aea2-2a4c61de43d2', '901f4d82-b417-4555-8014-ef091ac8bf99', '2022-12-31', 6820.482),
('USA', '7b4f8d88-5adb-4215-aea2-2a4c61de43d2', '5e9f353c-f2bc-44a4-9452-662c65bcd6d9', '2022-12-31', 5457.936),
('USA', '7b4f8d88-5adb-4215-aea2-2a4c61de43d2', '63fbf2ad-9a1f-4571-a035-f06ecf3f2404', '2022-12-31', 6611.434),
('USA', '7b4f8d88-5adb-4215-aea2-2a4c61de43d2', 'd531ef3e-fe01-481b-aacf-6278453e1732', '2022-12-31', 5051.832),
('USA', '7b4f8d88-5adb-4215-aea2-2a4c61de43d2', '25ee40ae-abb5-42b6-ab59-637eccb98870', '2022-12-31', 5014.638),
('USA', '7b4f8d88-5adb-4215-aea2-2a4c61de43d2', '572cd6e1-bad0-4f90-879a-e81b515d1277', '2022-12-31', 3860.338),
('USA', '7b4f8d88-5adb-4215-aea2-2a4c61de43d2', 'f144ccef-c83e-4ca4-860c-9374c292563b', '2022-12-31', 4684.035),
('USA', '7b4f8d88-5adb-4215-aea2-2a4c61de43d2', 'd11b0974-0997-4cc6-b784-d7f7b936f6e7', '2022-12-31', 2575.995),
('USA', '7b4f8d88-5adb-4215-aea2-2a4c61de43d2', 'ee38b58f-7947-4b0b-817d-6017342ba6d4', '2022-12-31', 7511.24),
('USA', '7b4f8d88-5adb-4215-aea2-2a4c61de43d2', 'fa6d4211-d547-471a-844e-233fe3cae87f', '2022-12-31', 6432.641),
('USA', '7b4f8d88-5adb-4215-aea2-2a4c61de43d2', '6e3162ed-e666-4d85-aace-596dd64566f9', '2022-12-31', 5403.278),
('USA', '7b4f8d88-5adb-4215-aea2-2a4c61de43d2', 'd9684076-9694-4a48-be6e-37cf359f6f57', '2022-12-31', 6475.549),
('USA', '7b4f8d88-5adb-4215-aea2-2a4c61de43d2', '5171060a-6a98-40c9-b0d1-555aae0cd7a7', '2022-12-31', 3870.885),
('USA', '7b4f8d88-5adb-4215-aea2-2a4c61de43d2', '12b7584e-f390-4edf-8672-d52c8ae7270d', '2022-12-31', 5570.544),
('USA', '7b4f8d88-5adb-4215-aea2-2a4c61de43d2', '3f61a6da-640a-4865-829c-14b3a8a4c99e', '2022-12-31', 4766.099),
('USA', '7b4f8d88-5adb-4215-aea2-2a4c61de43d2', '54219f07-470a-40f3-ba8b-2d9acb269833', '2022-12-31', 4698.383),
('USA', '7b4f8d88-5adb-4215-aea2-2a4c61de43d2', '3c9b8af9-6674-4d88-b694-992dc807e17b', '2022-12-31', 3554.082),
('USA', '7b4f8d88-5adb-4215-aea2-2a4c61de43d2', 'a2143fd0-6c78-4c1d-bb61-4a01de95bcc6', '2022-12-31', 4165.302),
('USA', '7b4f8d88-5adb-4215-aea2-2a4c61de43d2', 'aa7c8bbb-d0f4-4e17-ab04-f6f94eeea0c0', '2022-12-31', 2461.202),
('USA', '7b4f8d88-5adb-4215-aea2-2a4c61de43d2', 'c29fc4d2-38af-4bc2-9b1a-39d8d5a5e574', '2022-12-31', 7147.187),
('VNM', '7b4f8d88-5adb-4215-aea2-2a4c61de43d2', 'b56d5c28-8c1f-4f0a-a05f-d158d17a3ad4', '2022-12-31', 216.982),
('VNM', '7b4f8d88-5adb-4215-aea2-2a4c61de43d2', '901f4d82-b417-4555-8014-ef091ac8bf99', '2022-12-31', 406.876),
('VNM', '7b4f8d88-5adb-4215-aea2-2a4c61de43d2', '5e9f353c-f2bc-44a4-9452-662c65bcd6d9', '2022-12-31', 320.671),
('VNM', '7b4f8d88-5adb-4215-aea2-2a4c61de43d2', '63fbf2ad-9a1f-4571-a035-f06ecf3f2404', '2022-12-31', 417.714),
('VNM', '7b4f8d88-5adb-4215-aea2-2a4c61de43d2', 'd531ef3e-fe01-481b-aacf-6278453e1732', '2022-12-31', 298.414),
('VNM', '7b4f8d88-5adb-4215-aea2-2a4c61de43d2', '25ee40ae-abb5-42b6-ab59-637eccb98870', '2022-12-31', 307.785),
('VNM', '7b4f8d88-5adb-4215-aea2-2a4c61de43d2', '572cd6e1-bad0-4f90-879a-e81b515d1277', '2022-12-31', 325.59),
('VNM', '7b4f8d88-5adb-4215-aea2-2a4c61de43d2', 'f144ccef-c83e-4ca4-860c-9374c292563b', '2022-12-31', 389.208),
('VNM', '7b4f8d88-5adb-4215-aea2-2a4c61de43d2', 'd11b0974-0997-4cc6-b784-d7f7b936f6e7', '2022-12-31', 254.32),
('VNM', '7b4f8d88-5adb-4215-aea2-2a4c61de43d2', 'ee38b58f-7947-4b0b-817d-6017342ba6d4', '2022-12-31', 483.963),
('VNM', '7b4f8d88-5adb-4215-aea2-2a4c61de43d2', 'fa6d4211-d547-471a-844e-233fe3cae87f', '2022-12-31', 460.651),
('VNM', '7b4f8d88-5adb-4215-aea2-2a4c61de43d2', '6e3162ed-e666-4d85-aace-596dd64566f9', '2022-12-31', 435.254),
('VNM', '7b4f8d88-5adb-4215-aea2-2a4c61de43d2', 'd9684076-9694-4a48-be6e-37cf359f6f57', '2022-12-31', 444.805),
('VNM', '7b4f8d88-5adb-4215-aea2-2a4c61de43d2', '5171060a-6a98-40c9-b0d1-555aae0cd7a7', '2022-12-31', 342.448),
('VNM', '7b4f8d88-5adb-4215-aea2-2a4c61de43d2', '12b7584e-f390-4edf-8672-d52c8ae7270d', '2022-12-31', 327.179),
('VNM', '7b4f8d88-5adb-4215-aea2-2a4c61de43d2', '3f61a6da-640a-4865-829c-14b3a8a4c99e', '2022-12-31', 338.698),
('VNM', '7b4f8d88-5adb-4215-aea2-2a4c61de43d2', '54219f07-470a-40f3-ba8b-2d9acb269833', '2022-12-31', 355.925),
('VNM', '7b4f8d88-5adb-4215-aea2-2a4c61de43d2', '3c9b8af9-6674-4d88-b694-992dc807e17b', '2022-12-31', 291.39),
('VNM', '7b4f8d88-5adb-4215-aea2-2a4c61de43d2', 'a2143fd0-6c78-4c1d-bb61-4a01de95bcc6', '2022-12-31', 269.758),
('VNM', '7b4f8d88-5adb-4215-aea2-2a4c61de43d2', 'aa7c8bbb-d0f4-4e17-ab04-f6f94eeea0c0', '2022-12-31', 207.583),
('VNM', '7b4f8d88-5adb-4215-aea2-2a4c61de43d2', 'c29fc4d2-38af-4bc2-9b1a-39d8d5a5e574', '2022-12-31', 530.29),
('ZMB', '7b4f8d88-5adb-4215-aea2-2a4c61de43d2', 'b56d5c28-8c1f-4f0a-a05f-d158d17a3ad4', '2022-12-31', 101.054),
('ZMB', '7b4f8d88-5adb-4215-aea2-2a4c61de43d2', '901f4d82-b417-4555-8014-ef091ac8bf99', '2022-12-31', 382.408),
('ZMB', '7b4f8d88-5adb-4215-aea2-2a4c61de43d2', '5e9f353c-f2bc-44a4-9452-662c65bcd6d9', '2022-12-31', 166.668),
('ZMB', '7b4f8d88-5adb-4215-aea2-2a4c61de43d2', '63fbf2ad-9a1f-4571-a035-f06ecf3f2404', '2022-12-31', 436.757),
('ZMB', '7b4f8d88-5adb-4215-aea2-2a4c61de43d2', 'd531ef3e-fe01-481b-aacf-6278453e1732', '2022-12-31', 153.66),
('ZMB', '7b4f8d88-5adb-4215-aea2-2a4c61de43d2', '25ee40ae-abb5-42b6-ab59-637eccb98870', '2022-12-31', 171.742),
('ZMB', '7b4f8d88-5adb-4215-aea2-2a4c61de43d2', '572cd6e1-bad0-4f90-879a-e81b515d1277', '2022-12-31', 134.242),
('ZMB', '7b4f8d88-5adb-4215-aea2-2a4c61de43d2', 'f144ccef-c83e-4ca4-860c-9374c292563b', '2022-12-31', 191.234),
('ZMB', '7b4f8d88-5adb-4215-aea2-2a4c61de43d2', 'd11b0974-0997-4cc6-b784-d7f7b936f6e7', '2022-12-31', 129.825),
('ZMB', '7b4f8d88-5adb-4215-aea2-2a4c61de43d2', 'ee38b58f-7947-4b0b-817d-6017342ba6d4', '2022-12-31', 255.735),
('ZMB', '7b4f8d88-5adb-4215-aea2-2a4c61de43d2', 'fa6d4211-d547-471a-844e-233fe3cae87f', '2022-12-31', 643.187),
('ZMB', '7b4f8d88-5adb-4215-aea2-2a4c61de43d2', 'd9684076-9694-4a48-be6e-37cf359f6f57', '2022-12-31', 565.546),
('ZMB', '7b4f8d88-5adb-4215-aea2-2a4c61de43d2', '5171060a-6a98-40c9-b0d1-555aae0cd7a7', '2022-12-31', 153.567),
('ZMB', '7b4f8d88-5adb-4215-aea2-2a4c61de43d2', '12b7584e-f390-4edf-8672-d52c8ae7270d', '2022-12-31', 396.705),
('ZMB', '7b4f8d88-5adb-4215-aea2-2a4c61de43d2', '3f61a6da-640a-4865-829c-14b3a8a4c99e', '2022-12-31', 347.131),
('ZMB', '7b4f8d88-5adb-4215-aea2-2a4c61de43d2', '54219f07-470a-40f3-ba8b-2d9acb269833', '2022-12-31', 323.843),
('ZMB', '7b4f8d88-5adb-4215-aea2-2a4c61de43d2', '3c9b8af9-6674-4d88-b694-992dc807e17b', '2022-12-31', 107.075),
('ZMB', '7b4f8d88-5adb-4215-aea2-2a4c61de43d2', 'a2143fd0-6c78-4c1d-bb61-4a01de95bcc6', '2022-12-31', 129.519),
('ZMB', '7b4f8d88-5adb-4215-aea2-2a4c61de43d2', 'aa7c8bbb-d0f4-4e17-ab04-f6f94eeea0c0', '2022-12-31', 64.607),
('ZMB', '7b4f8d88-5adb-4215-aea2-2a4c61de43d2', 'c29fc4d2-38af-4bc2-9b1a-39d8d5a5e574', '2022-12-31', 313.336),
('ZWE', '7b4f8d88-5adb-4215-aea2-2a4c61de43d2', 'b56d5c28-8c1f-4f0a-a05f-d158d17a3ad4', '2022-12-31', 22.986),
('ZWE', '7b4f8d88-5adb-4215-aea2-2a4c61de43d2', '901f4d82-b417-4555-8014-ef091ac8bf99', '2022-12-31', 43.474),
('ZWE', '7b4f8d88-5adb-4215-aea2-2a4c61de43d2', '5e9f353c-f2bc-44a4-9452-662c65bcd6d9', '2022-12-31', 107.108),
('ZWE', '7b4f8d88-5adb-4215-aea2-2a4c61de43d2', '63fbf2ad-9a1f-4571-a035-f06ecf3f2404', '2022-12-31', 422.382),
('ZWE', '7b4f8d88-5adb-4215-aea2-2a4c61de43d2', 'd531ef3e-fe01-481b-aacf-6278453e1732', '2022-12-31', 182.961),
('ZWE', '7b4f8d88-5adb-4215-aea2-2a4c61de43d2', '25ee40ae-abb5-42b6-ab59-637eccb98870', '2022-12-31', 64.145),
('ZWE', '7b4f8d88-5adb-4215-aea2-2a4c61de43d2', '572cd6e1-bad0-4f90-879a-e81b515d1277', '2022-12-31', 57.874),
('ZWE', '7b4f8d88-5adb-4215-aea2-2a4c61de43d2', 'f144ccef-c83e-4ca4-860c-9374c292563b', '2022-12-31', 80.283),
('ZWE', '7b4f8d88-5adb-4215-aea2-2a4c61de43d2', 'd11b0974-0997-4cc6-b784-d7f7b936f6e7', '2022-12-31', 75.188),
('ZWE', '7b4f8d88-5adb-4215-aea2-2a4c61de43d2', 'ee38b58f-7947-4b0b-817d-6017342ba6d4', '2022-12-31', 219.277),
('ZWE', '7b4f8d88-5adb-4215-aea2-2a4c61de43d2', 'fa6d4211-d547-471a-844e-233fe3cae87f', '2022-12-31', 206.735),
('ZWE', '7b4f8d88-5adb-4215-aea2-2a4c61de43d2', '6e3162ed-e666-4d85-aace-596dd64566f9', '2022-12-31', 78.153),
('ZWE', '7b4f8d88-5adb-4215-aea2-2a4c61de43d2', 'd9684076-9694-4a48-be6e-37cf359f6f57', '2022-12-31', 117.394),
('ZWE', '7b4f8d88-5adb-4215-aea2-2a4c61de43d2', '5171060a-6a98-40c9-b0d1-555aae0cd7a7', '2022-12-31', 92.402),
('ZWE', '7b4f8d88-5adb-4215-aea2-2a4c61de43d2', '12b7584e-f390-4edf-8672-d52c8ae7270d', '2022-12-31', 144.345),
('ZWE', '7b4f8d88-5adb-4215-aea2-2a4c61de43d2', '3f61a6da-640a-4865-829c-14b3a8a4c99e', '2022-12-31', 110.116),
('ZWE', '7b4f8d88-5adb-4215-aea2-2a4c61de43d2', '54219f07-470a-40f3-ba8b-2d9acb269833', '2022-12-31', 153.241),
('ZWE', '7b4f8d88-5adb-4215-aea2-2a4c61de43d2', '3c9b8af9-6674-4d88-b694-992dc807e17b', '2022-12-31', 65.845),
('ZWE', '7b4f8d88-5adb-4215-aea2-2a4c61de43d2', 'a2143fd0-6c78-4c1d-bb61-4a01de95bcc6', '2022-12-31', 85.483),
('ZWE', '7b4f8d88-5adb-4215-aea2-2a4c61de43d2', 'aa7c8bbb-d0f4-4e17-ab04-f6f94eeea0c0', '2022-12-31', 6.456),
('ZWE', '7b4f8d88-5adb-4215-aea2-2a4c61de43d2', 'c29fc4d2-38af-4bc2-9b1a-39d8d5a5e574', '2022-12-31', 65.769);

-- Seed Employment Growth data (1)
INSERT INTO public.market_indicator_values (last_updated, indicator_type_id, industry_id, value) VALUES
('2023-12-31', '2816e727-9d6e-45b0-a5aa-47e6686602c6', 'b56d5c28-8c1f-4f0a-a05f-d158d17a3ad4', -0.0425930727819666),
('2024-12-31', '2816e727-9d6e-45b0-a5aa-47e6686602c6', 'b56d5c28-8c1f-4f0a-a05f-d158d17a3ad4', -0.1923137996179664),
('2023-12-31', '2816e727-9d6e-45b0-a5aa-47e6686602c6', '901f4d82-b417-4555-8014-ef091ac8bf99', -0.0053147108575595),
('2024-12-31', '2816e727-9d6e-45b0-a5aa-47e6686602c6', '901f4d82-b417-4555-8014-ef091ac8bf99', -0.2664566208522108),
('2023-12-31', '2816e727-9d6e-45b0-a5aa-47e6686602c6', '5e9f353c-f2bc-44a4-9452-662c65bcd6d9', 0.0169461124521117),
('2024-12-31', '2816e727-9d6e-45b0-a5aa-47e6686602c6', '5e9f353c-f2bc-44a4-9452-662c65bcd6d9', -0.1865547510711409),
('2023-12-31', '2816e727-9d6e-45b0-a5aa-47e6686602c6', '63fbf2ad-9a1f-4571-a035-f06ecf3f2404', -0.0180967058881128),
('2024-12-31', '2816e727-9d6e-45b0-a5aa-47e6686602c6', '63fbf2ad-9a1f-4571-a035-f06ecf3f2404', -0.1095310903372555),
('2023-12-31', '2816e727-9d6e-45b0-a5aa-47e6686602c6', 'd531ef3e-fe01-481b-aacf-6278453e1732', -0.04204265679897),
('2024-12-31', '2816e727-9d6e-45b0-a5aa-47e6686602c6', 'd531ef3e-fe01-481b-aacf-6278453e1732', -0.1072978283221677),
('2023-12-31', '2816e727-9d6e-45b0-a5aa-47e6686602c6', '25ee40ae-abb5-42b6-ab59-637eccb98870', -0.0286565062537945),
('2024-12-31', '2816e727-9d6e-45b0-a5aa-47e6686602c6', '25ee40ae-abb5-42b6-ab59-637eccb98870', -0.1322190258681422),
('2023-12-31', '2816e727-9d6e-45b0-a5aa-47e6686602c6', '572cd6e1-bad0-4f90-879a-e81b515d1277', -0.0034515123697705),
('2024-12-31', '2816e727-9d6e-45b0-a5aa-47e6686602c6', '572cd6e1-bad0-4f90-879a-e81b515d1277', -0.2033947810994417),
('2023-12-31', '2816e727-9d6e-45b0-a5aa-47e6686602c6', 'f144ccef-c83e-4ca4-860c-9374c292563b', -0.0067264609214635),
('2024-12-31', '2816e727-9d6e-45b0-a5aa-47e6686602c6', 'f144ccef-c83e-4ca4-860c-9374c292563b', -0.127734909586535),
('2023-12-31', '2816e727-9d6e-45b0-a5aa-47e6686602c6', 'd11b0974-0997-4cc6-b784-d7f7b936f6e7', 0.100783789342173),
('2024-12-31', '2816e727-9d6e-45b0-a5aa-47e6686602c6', 'd11b0974-0997-4cc6-b784-d7f7b936f6e7', -0.1794747846182803),
('2023-12-31', '2816e727-9d6e-45b0-a5aa-47e6686602c6', 'ee38b58f-7947-4b0b-817d-6017342ba6d4', -0.065196759758437),
('2024-12-31', '2816e727-9d6e-45b0-a5aa-47e6686602c6', 'ee38b58f-7947-4b0b-817d-6017342ba6d4', -0.0657995226054902),
('2023-12-31', '2816e727-9d6e-45b0-a5aa-47e6686602c6', 'fa6d4211-d547-471a-844e-233fe3cae87f', 0.0056966270299967),
('2024-12-31', '2816e727-9d6e-45b0-a5aa-47e6686602c6', 'fa6d4211-d547-471a-844e-233fe3cae87f', -0.10491193480139),
('2023-12-31', '2816e727-9d6e-45b0-a5aa-47e6686602c6', '6e3162ed-e666-4d85-aace-596dd64566f9', -0.0642481810920096),
('2024-12-31', '2816e727-9d6e-45b0-a5aa-47e6686602c6', '6e3162ed-e666-4d85-aace-596dd64566f9', -0.1021840867023218),
('2023-12-31', '2816e727-9d6e-45b0-a5aa-47e6686602c6', 'd9684076-9694-4a48-be6e-37cf359f6f57', -0.0069231664155003),
('2024-12-31', '2816e727-9d6e-45b0-a5aa-47e6686602c6', 'd9684076-9694-4a48-be6e-37cf359f6f57', -0.0196788120783156),
('2023-12-31', '2816e727-9d6e-45b0-a5aa-47e6686602c6', '5171060a-6a98-40c9-b0d1-555aae0cd7a7', -0.0745156996740756),
('2024-12-31', '2816e727-9d6e-45b0-a5aa-47e6686602c6', '5171060a-6a98-40c9-b0d1-555aae0cd7a7', -0.113116798794203),
('2023-12-31', '2816e727-9d6e-45b0-a5aa-47e6686602c6', '12b7584e-f390-4edf-8672-d52c8ae7270d', -0.0092151167384723),
('2024-12-31', '2816e727-9d6e-45b0-a5aa-47e6686602c6', '12b7584e-f390-4edf-8672-d52c8ae7270d', -0.151483238033687),
('2023-12-31', '2816e727-9d6e-45b0-a5aa-47e6686602c6', '3f61a6da-640a-4865-829c-14b3a8a4c99e', 0.0067083859090959),
('2024-12-31', '2816e727-9d6e-45b0-a5aa-47e6686602c6', '3f61a6da-640a-4865-829c-14b3a8a4c99e', -0.1228631981471763),
('2023-12-31', '2816e727-9d6e-45b0-a5aa-47e6686602c6', '54219f07-470a-40f3-ba8b-2d9acb269833', -0.0640939412738127),
('2024-12-31', '2816e727-9d6e-45b0-a5aa-47e6686602c6', '54219f07-470a-40f3-ba8b-2d9acb269833', -0.0259237710048964),
('2023-12-31', '2816e727-9d6e-45b0-a5aa-47e6686602c6', '3c9b8af9-6674-4d88-b694-992dc807e17b', -0.0266899831167923),
('2024-12-31', '2816e727-9d6e-45b0-a5aa-47e6686602c6', '3c9b8af9-6674-4d88-b694-992dc807e17b', -0.0891726067760183),
('2023-12-31', '2816e727-9d6e-45b0-a5aa-47e6686602c6', 'a2143fd0-6c78-4c1d-bb61-4a01de95bcc6', 0.0028727459859492),
('2024-12-31', '2816e727-9d6e-45b0-a5aa-47e6686602c6', 'a2143fd0-6c78-4c1d-bb61-4a01de95bcc6', -0.1892151084271708),
('2023-12-31', '2816e727-9d6e-45b0-a5aa-47e6686602c6', 'aa7c8bbb-d0f4-4e17-ab04-f6f94eeea0c0', -0.052314915453533),
('2024-12-31', '2816e727-9d6e-45b0-a5aa-47e6686602c6', 'aa7c8bbb-d0f4-4e17-ab04-f6f94eeea0c0', -0.1054743583948935),
('2023-12-31', '2816e727-9d6e-45b0-a5aa-47e6686602c6', 'c29fc4d2-38af-4bc2-9b1a-39d8d5a5e574', -0.4758817392215245),
('2024-12-31', '2816e727-9d6e-45b0-a5aa-47e6686602c6', 'c29fc4d2-38af-4bc2-9b1a-39d8d5a5e574', -0.1874793107848026);

-- Seed Employment Growth data (3)
INSERT INTO public.market_indicator_values (last_updated, indicator_type_id, industry_id, value) VALUES
('2022-12-31', '2816e727-9d6e-45b0-a5aa-47e6686602c6', 'b56d5c28-8c1f-4f0a-a05f-d158d17a3ad4', 11.905954686114018),
('2022-12-31', '2816e727-9d6e-45b0-a5aa-47e6686602c6', '901f4d82-b417-4555-8014-ef091ac8bf99', 18.41079624568822),
('2022-12-31', '2816e727-9d6e-45b0-a5aa-47e6686602c6', '5e9f353c-f2bc-44a4-9452-662c65bcd6d9', 9.03858302865499),
('2022-12-31', '2816e727-9d6e-45b0-a5aa-47e6686602c6', '63fbf2ad-9a1f-4571-a035-f06ecf3f2404', -1.1399774170447463),
('2022-12-31', '2816e727-9d6e-45b0-a5aa-47e6686602c6', 'd531ef3e-fe01-481b-aacf-6278453e1732', 1.918834647172596),
('2022-12-31', '2816e727-9d6e-45b0-a5aa-47e6686602c6', '25ee40ae-abb5-42b6-ab59-637eccb98870', 8.248956414102038),
('2022-12-31', '2816e727-9d6e-45b0-a5aa-47e6686602c6', '572cd6e1-bad0-4f90-879a-e81b515d1277', 13.1801264206439),
('2022-12-31', '2816e727-9d6e-45b0-a5aa-47e6686602c6', 'f144ccef-c83e-4ca4-860c-9374c292563b', 9.41075644991689),
('2022-12-31', '2816e727-9d6e-45b0-a5aa-47e6686602c6', 'd11b0974-0997-4cc6-b784-d7f7b936f6e7', 14.542983799660147),
('2022-12-31', '2816e727-9d6e-45b0-a5aa-47e6686602c6', 'ee38b58f-7947-4b0b-817d-6017342ba6d4', 8.758090346250324),
('2022-12-31', '2816e727-9d6e-45b0-a5aa-47e6686602c6', 'fa6d4211-d547-471a-844e-233fe3cae87f', 2.976546001464442),
('2022-12-31', '2816e727-9d6e-45b0-a5aa-47e6686602c6', '6e3162ed-e666-4d85-aace-596dd64566f9', 5.522696057578003),
('2022-12-31', '2816e727-9d6e-45b0-a5aa-47e6686602c6', 'd9684076-9694-4a48-be6e-37cf359f6f57', 6.01231682717962),
('2022-12-31', '2816e727-9d6e-45b0-a5aa-47e6686602c6', '5171060a-6a98-40c9-b0d1-555aae0cd7a7', 7.634982443316574),
('2022-12-31', '2816e727-9d6e-45b0-a5aa-47e6686602c6', '12b7584e-f390-4edf-8672-d52c8ae7270d', -1.804266943275312),
('2022-12-31', '2816e727-9d6e-45b0-a5aa-47e6686602c6', '3f61a6da-640a-4865-829c-14b3a8a4c99e', 3.709465347434815),
('2022-12-31', '2816e727-9d6e-45b0-a5aa-47e6686602c6', '54219f07-470a-40f3-ba8b-2d9acb269833', 2.967842454316893),
('2022-12-31', '2816e727-9d6e-45b0-a5aa-47e6686602c6', '3c9b8af9-6674-4d88-b694-992dc807e17b', 12.79450751351776),
('2022-12-31', '2816e727-9d6e-45b0-a5aa-47e6686602c6', 'a2143fd0-6c78-4c1d-bb61-4a01de95bcc6', 15.44758265659285),
('2022-12-31', '2816e727-9d6e-45b0-a5aa-47e6686602c6', 'aa7c8bbb-d0f4-4e17-ab04-f6f94eeea0c0', -0.4301919101392104),
('2022-12-31', '2816e727-9d6e-45b0-a5aa-47e6686602c6', 'c29fc4d2-38af-4bc2-9b1a-39d8d5a5e574', 3.434633562821632);
